Workbook

Sheet 0922
I1: 담당 | J1: 검토 | K1: 확인
A2: (김포)생산공급망 업무일지 | I2: 최용화 | J2: 윤경용 | N2: 초록색상 지우기와 기재 금지
A4: 날짜 | B4: 46287
A6: ■ 제품포장작업
A7: 품명 | B7: 용량/규격 | C7: 수량 | D7: 박스 | E7: 작업시간 | F7: 투입인원수 | G7: 총작업시간 | H7: LINE/구분 | I7: 비고(LOT/NO) | J7: 카테고리 | K7: 작업공수 | L7: 작업자 | M7: 시작 | N7: 끝 | O7: 작업시간
A8: 2AA40041 / 스탠다드 100%합성엔진오일 5W30 | 1L | B8: =IFERROR(__xludf.DUMMYFUNCTION("IFERROR(REGEXEXTRACT(A8,""\| (.+)$""),"""") "),"1L") -> 1L | C8: 1200 | D8: 100 | E8: 2.5 | F8: 4 | G8: =IF(OR(E8="",F8=""),"",E8*F8) -> 10 | H8: 자동 | I8: 260723 | J8: 엔진오일 | K8: =IF(OR(E8="",F8=""),"",(E8*F8)/7.5) -> 1.3333333 | O8: =IF(OR(M8="",N8=""),"",_xlfn.CEILING.MATH((N8-M8-(MEDIAN(N8,"13:00","12:00")-MEDIAN(M8,"13:00","12:00"))-(MEDIAN(N8,"16:30","16:00")-MEDIAN(M8,"16:30","16:00"))),"0:30")*24)
A9: 2AJ40047 / 인젝션 펌프 청소유 | 4L | B9: =IFERROR(__xludf.DUMMYFUNCTION("IFERROR(REGEXEXTRACT(A9,""\| (.+)$""),"""") "),"4L") -> 4L | C9: 152 | D9: 38 | E9: 1.5 | F9: 4 | G9: =IF(OR(E9="",F9=""),"",E9*F9) -> 6 | H9: 수동1 | I9: 260922 | J9: 기타 | K9: =IF(OR(E9="",F9=""),"",(E9*F9)/7.5) -> 0.8 | O9: =IF(OR(M9="",N9=""),"",_xlfn.CEILING.MATH((N9-M9-(MEDIAN(N9,"13:00","12:00")-MEDIAN(M9,"13:00","12:00"))-(MEDIAN(N9,"16:30","16:00")-MEDIAN(M9,"16:30","16:00"))),"0:30")*24)
A10: 2AJ40047 / 인젝션 펌프 청소유 | 4L | B10: =IFERROR(__xludf.DUMMYFUNCTION("IFERROR(REGEXEXTRACT(A10,""\| (.+)$""),"""") "),"4L") -> 4L | C10: 408 | D10: 102 | E10: 3 | F10: 3 | G10: =IF(OR(E10="",F10=""),"",E10*F10) -> 9 | H10: 수동1 | I10: 260922 | J10: 기타 | K10: =IF(OR(E10="",F10=""),"",(E10*F10)/7.5) -> 1.2 | O10: =IF(OR(M10="",N10=""),"",_xlfn.CEILING.MATH((N10-M10-(MEDIAN(N10,"13:00","12:00")-MEDIAN(M10,"13:00","12:00"))-(MEDIAN(N10,"16:30","16:00")-MEDIAN(M10,"16:30","16:00"))),"0:30")*24)
B11: =IFERROR(__xludf.DUMMYFUNCTION("IFERROR(REGEXEXTRACT(A11,""\| (.+)$""),"""") "),"") | G11: =IF(OR(E11="",F11=""),"",E11*F11) | K11: =IF(OR(E11="",F11=""),"",(E11*F11)/7.5) | O11: =IF(OR(M11="",N11=""),"",_xlfn.CEILING.MATH((N11-M11-(MEDIAN(N11,"13:00","12:00")-MEDIAN(M11,"13:00","12:00"))-(MEDIAN(N11,"16:30","16:00")-MEDIAN(M11,"16:30","16:00"))),"0:30")*24)
B12: =IFERROR(__xludf.DUMMYFUNCTION("IFERROR(REGEXEXTRACT(A12,""\| (.+)$""),"""") "),"") | G12: =IF(OR(E12="",F12=""),"",E12*F12) | K12: =IF(OR(E12="",F12=""),"",(E12*F12)/7.5) | O12: =IF(OR(M12="",N12=""),"",_xlfn.CEILING.MATH((N12-M12-(MEDIAN(N12,"13:00","12:00")-MEDIAN(M12,"13:00","12:00"))-(MEDIAN(N12,"16:30","16:00")-MEDIAN(M12,"16:30","16:00"))),"0:30")*24)
B13: =IFERROR(__xludf.DUMMYFUNCTION("IFERROR(REGEXEXTRACT(A13,""\| (.+)$""),"""") "),"") | G13: =IF(OR(E13="",F13=""),"",E13*F13) | K13: =IF(OR(E13="",F13=""),"",(E13*F13)/7.5) | O13: =IF(OR(M13="",N13=""),"",_xlfn.CEILING.MATH((N13-M13-(MEDIAN(N13,"13:00","12:00")-MEDIAN(M13,"13:00","12:00"))-(MEDIAN(N13,"16:30","16:00")-MEDIAN(M13,"16:30","16:00"))),"0:30")*24)
B14: =IFERROR(__xludf.DUMMYFUNCTION("IFERROR(REGEXEXTRACT(A14,""\| (.+)$""),"""") "),"") | G14: =IF(OR(E14="",F14=""),"",E14*F14) | K14: =IF(OR(E14="",F14=""),"",(E14*F14)/7.5) | O14: =IF(OR(M14="",N14=""),"",_xlfn.CEILING.MATH((N14-M14-(MEDIAN(N14,"13:00","12:00")-MEDIAN(M14,"13:00","12:00"))-(MEDIAN(N14,"16:30","16:00")-MEDIAN(M14,"16:30","16:00"))),"0:30")*24)
B15: =IFERROR(__xludf.DUMMYFUNCTION("IFERROR(REGEXEXTRACT(A15,""\| (.+)$""),"""") "),"") | G15: =IF(OR(E15="",F15=""),"",E15*F15) | K15: =IF(OR(E15="",F15=""),"",(E15*F15)/7.5) | O15: =IF(OR(M15="",N15=""),"",_xlfn.CEILING.MATH((N15-M15-(MEDIAN(N15,"13:00","12:00")-MEDIAN(M15,"13:00","12:00"))-(MEDIAN(N15,"16:30","16:00")-MEDIAN(M15,"16:30","16:00"))),"0:30")*24)
B16: =IFERROR(__xludf.DUMMYFUNCTION("IFERROR(REGEXEXTRACT(A16,""\| (.+)$""),"""") "),"") | G16: =IF(OR(E16="",F16=""),"",E16*F16) | K16: =IF(OR(E16="",F16=""),"",(E16*F16)/7.5) | O16: =IF(OR(M16="",N16=""),"",_xlfn.CEILING.MATH((N16-M16-(MEDIAN(N16,"13:00","12:00")-MEDIAN(M16,"13:00","12:00"))-(MEDIAN(N16,"16:30","16:00")-MEDIAN(M16,"16:30","16:00"))),"0:30")*24)
B17: =IFERROR(__xludf.DUMMYFUNCTION("IFERROR(REGEXEXTRACT(A17,""\| (.+)$""),"""") "),"") | G17: =IF(OR(E17="",F17=""),"",E17*F17) | K17: =IF(OR(E17="",F17=""),"",(E17*F17)/7.5)
A18: 총수량 | C18: =SUM(C8:C17) -> 1760 | D18: =SUM(D8:D17) -> 240 | E18: =SUM(E8:E17) -> 7 | F18: =IFERROR(G18/E18, 0) -> 3.5714286 | G18: =SUM(G8:G17) -> 25 | K18: =SUM(K8:K14) -> 3.3333333
A20: ■ 라벨부착작업
A21: 품명 | B21: 용량/규격 | C21: 수량 | D21: 박스 | E21: 작업시간 | F21: 투입인원수 | G21: 총작업시간 | H21: LINE/구분 | I21: 비고(LOT/NO) | J21: 카테고리 | K21: 작업공수 | M21: 시작 | N21: 끝 | O21: 작업시간
B22: =IFERROR(__xludf.DUMMYFUNCTION("IFERROR(REGEXEXTRACT(A22,""\| (.+)$""),"""") "),"") | G22: =IF(OR(E22="",F22=""),"",E22*F22) | K22: =IF(OR(E22="",F22=""),"",(E22*F22)/7.5) | O22: =IF(OR(M22="",N22=""),"",_xlfn.CEILING.MATH((N22-M22-(MEDIAN(N22,"13:00","12:00")-MEDIAN(M22,"13:00","12:00"))-(MEDIAN(N22,"16:30","16:00")-MEDIAN(M22,"16:30","16:00"))),"0:30")*24)
B23: =IFERROR(__xludf.DUMMYFUNCTION("IFERROR(REGEXEXTRACT(A23,""\| (.+)$""),"""") "),"") | G23: =IF(OR(E23="",F23=""),"",E23*F23) | K23: =IF(OR(E23="",F23=""),"",(E23*F23)/7.5) | O23: =IF(OR(M23="",N23=""),"",_xlfn.CEILING.MATH((N23-M23-(MEDIAN(N23,"13:00","12:00")-MEDIAN(M23,"13:00","12:00"))-(MEDIAN(N23,"16:30","16:00")-MEDIAN(M23,"16:30","16:00"))),"0:30")*24)
B24: =IFERROR(__xludf.DUMMYFUNCTION("IFERROR(REGEXEXTRACT(A24,""\| (.+)$""),"""") "),"") | G24: =IF(OR(E24="",F24=""),"",E24*F24) | K24: =IF(OR(E24="",F24=""),"",(E24*F24)/7.5) | O24: =IF(OR(M24="",N24=""),"",_xlfn.CEILING.MATH((N24-M24-(MEDIAN(N24,"13:00","12:00")-MEDIAN(M24,"13:00","12:00"))-(MEDIAN(N24,"16:30","16:00")-MEDIAN(M24,"16:30","16:00"))),"0:30")*24)
B25: =IFERROR(__xludf.DUMMYFUNCTION("IFERROR(REGEXEXTRACT(A25,""\| (.+)$""),"""") "),"") | G25: =IF(OR(E25="",F25=""),"",E25*F25) | K25: =IF(OR(E25="",F25=""),"",(E25*F25)/7.5) | O25: =IF(OR(M25="",N25=""),"",_xlfn.CEILING.MATH((N25-M25-(MEDIAN(N25,"13:00","12:00")-MEDIAN(M25,"13:00","12:00"))-(MEDIAN(N25,"16:30","16:00")-MEDIAN(M25,"16:30","16:00"))),"0:30")*24)
B26: =IFERROR(__xludf.DUMMYFUNCTION("IFERROR(REGEXEXTRACT(A26,""\| (.+)$""),"""") "),"") | G26: =IF(OR(E26="",F26=""),"",E26*F26) | K26: =IF(OR(E26="",F26=""),"",(E26*F26)/7.5) | O26: =IF(OR(M26="",N26=""),"",_xlfn.CEILING.MATH((N26-M26-(MEDIAN(N26,"13:00","12:00")-MEDIAN(M26,"13:00","12:00"))-(MEDIAN(N26,"16:30","16:00")-MEDIAN(M26,"16:30","16:00"))),"0:30")*24)
A27: 총수량 | C27: =SUM(C22:C26) -> 0 | D27: =SUM(D22:D26) -> 0 | E27: =SUM(E22:E26) -> 0 | F27: =IFERROR(G27/E27, 0) -> 0 | G27: =SUM(G22:G26) -> 0 | K27: =SUM(K22:K26) -> 0
A29: ■ 원액생산작업
A30: 품명 | B30: 용량/규격 | C30: 수량 | D30: 포장 | E30: 작업시간 | F30: 투입인원수 | G30: 총작업시간 | H30: LINE/구분 | I30: 비고(LOT/NO) | J30: 카테고리 | K30: 작업공수
A31: 5AA40008 / ODM 5W30 | B31: L | C31: 1694 | D31: TOTE | E31: 2 | F31: 1 | G31: =IF(OR(E31="",F31=""),"",E31*F31) -> 2 | H31: BT-2 | I31: G260922-021 | J31: 엔진오일 | K31: =IF(OR(E31="",F31=""),"",(E31*F31)/7.5) -> 0.26666667
G32: =IF(OR(E32="",F32=""),"",E32*F32) | K32: =IF(OR(E32="",F32=""),"",(E32*F32)/7.5)
G33: =IF(OR(E33="",F33=""),"",E33*F33) | K33: =IF(OR(E33="",F33=""),"",(E33*F33)/7.5)
G34: =IF(OR(E34="",F34=""),"",E34*F34) | K34: =IF(OR(E34="",F34=""),"",(E34*F34)/7.5)
G35: =IF(OR(E35="",F35=""),"",E35*F35) | K35: =IF(OR(E35="",F35=""),"",(E35*F35)/7.5)
A36: 총수량 | C36: =SUM(C31:C35) -> 1694 | E36: =SUM(E28:E35) -> 2 | F36: =IFERROR(G36/E36, 0) -> 1 | G36: =SUM(G26:G35) -> 2 | K36: =SUM(K31:K35) -> 0.26666667
A38: ■ 출고내역
A39: 품명 | B39: 용량/규격 | C39: 수량 | D39: 박스 | E39: 거래처 | G39: 확인자 | H39: 운송 | I39: 비고
A40: 2AA40053 / 아디노 100%합성엔진오일 5W30 | 1L | B40: =IFERROR(__xludf.DUMMYFUNCTION("IFERROR(REGEXEXTRACT(A40,""\| (.+)$""),"""") "),"1L") -> 1L | C40: 1440 | D40: 120 | E40: 마하나임코리아 | G40: 윤경용 | H40: 용차 | I40: 운송료:55,000 VAT포함
B41: =IFERROR(__xludf.DUMMYFUNCTION("IFERROR(REGEXEXTRACT(A41,""\| (.+)$""),"""") "),"")
B42: =IFERROR(__xludf.DUMMYFUNCTION("IFERROR(REGEXEXTRACT(A42,""\| (.+)$""),"""") "),"")
B43: =IFERROR(__xludf.DUMMYFUNCTION("IFERROR(REGEXEXTRACT(A43,""\| (.+)$""),"""") "),"")
B47: =IFERROR(__xludf.DUMMYFUNCTION("IFERROR(REGEXEXTRACT(A47,""\| (.+)$""),"""") "),"")
A48: 총수량 | C48: =SUM(C40:C47) -> 1440
A50: ■ 입고내역
A51: 품명 | B51: 용량/규격 | C51: 수량 | D51: 박스 | E51: 거래처 | G51: 확인자 | H51: 비고
A52: 1L 백색 원형 용기 | B52: 1L | C52: 3000 | E52: 두리화학 | G52: 최용화
A53: DR PAO 5W30 용기 | B53: 1L | C53: 3055 | E53: 태봉인더스트리 | G53: 최용화
A54: 태봉 무라벨 검정 용기 | B54: 1L | C54: 3785 | E54: 태봉인더스트리 | G54: 최용화
A55: 인젝션 펌프 청소유 4L 용기 | B55: 4L | C55: 1030 | E55: 태봉인더스트리 | G55: 최용화
A56: 45m/m 검정 캡 | C56: 7000 | E56: 태봉인더스트리 | G56: 최용화
A57: 부동액 캡 | C57: 1030 | E57: 태봉인더스트리 | G57: 최용화
A65: 총수량 | C65: =SUM(C52:C64) -> 18900
A67: ■ 이동제품
A68: 품명 | B68: 용량/규격 | C68: 단위 | D68: 수량 | E68: 박스 | F68: 차량 | G68: 운반자 | H68: 비고
A69: DE030124 / 대성-HDPE 사각용기-썸오일 펄블루(캡x)-대림 | 1L | C69: EA | D69: 12 | F69: 자차 | H69: 좋은상자(샘플)/반출
A70: 1CM29352 / 썸오일 100% 합성엔진오일 5W30 1L 12개입 칼라박스-공용 | 422*267*210 | C70: EA | D70: 2 | F70: 자차 | H70: 좋은상자(샘플)/반출
A89: 총수량 | C89: =SUM(C69:C80) -> 0 | D89: =SUM(D69:D80) -> 14
A91: ■ 택배출고현황 | E91: ■ 기타
A92: 구분 | B92: 건수 | C92: 비고
A93: 경동택배
A94: 용차 | B94: 1
A95: 납품
A98: 총수량 | B98: =SUM(B93:B97) -> 1
A100: ■ 기타업무
A101: 업무명 | B101: 용량/규격 | C101: 수량 | D101: 단위 | E101: 작업시간 | F101: 투입인원수 | G101: 총작업시간 | H101: 비고 | K101: 작업공수
A102: 부자재 사용량 이카운트 전산 입력 및 GWS 최신화 | E102: 0.5 | F102: 1 | G102: =IF(OR(E102="",F102=""),"",E102*F102) -> 0.5 | H102: 최용화 | K102: =IF(OR(E102="",F102=""),"",(E102*F102)/7.5) -> 0.066666667
A103: 완제품 입,출고 이카운트 전산 입력 및 GWS 최신화 | E103: 0.5 | F103: 1 | G103: =IF(OR(E103="",F103=""),"",E103*F103) -> 0.5 | H103: 최용화 | K103: =IF(OR(E103="",F103=""),"",(E103*F103)/7.5) -> 0.066666667
A104: 업무일지 작성 및 서류 정리 | E104: 0.5 | F104: 1 | G104: =IF(OR(E104="",F104=""),"",E104*F104) -> 0.5 | H104: 최용화 | K104: =IF(OR(E104="",F104=""),"",(E104*F104)/7.5) -> 0.066666667
A105: 김포2공장 점검 / 환기 | E105: 0.5 | F105: 1 | G105: =IF(OR(E105="",F105=""),"",E105*F105) -> 0.5 | H105: 최용화 | K105: =IF(OR(E105="",F105=""),"",(E105*F105)/7.5) -> 0.066666667
A106: 물류 이동 스탠다드5W30 아웃박스 2공장->1공장 | E106: 0.5 | F106: 1 | G106: =IF(OR(E106="",F106=""),"",E106*F106) -> 0.5 | H106: 최용화 | K106: =IF(OR(E106="",F106=""),"",(E106*F106)/7.5) -> 0.066666667
A107: 물류 하역 태봉 용기 | E107: 0.7 | F107: 1 | G107: =IF(OR(E107="",F107=""),"",E107*F107) -> 0.7 | H107: 김백철 | K107: =IF(OR(E107="",F107=""),"",(E107*F107)/7.5) -> 0.093333333
A108: 물류 하역 두리화학 백색 용기 (수작업) | E108: 0.5 | F108: 1 | G108: =IF(OR(E108="",F108=""),"",E108*F108) -> 0.5 | H108: 최용화 | K108: =IF(OR(E108="",F108=""),"",(E108*F108)/7.5) -> 0.066666667
A109: 공인중개사 직원 특약 조항 관련 소통 | E109: 1 | F109: 1 | G109: =IF(OR(E109="",F109=""),"",E109*F109) -> 1 | H109: 최용화 | K109: =IF(OR(E109="",F109=""),"",(E109*F109)/7.5) -> 0.13333333
A110: 아디노 5W30 출고 상차 | E110: 0.5 | F110: 1 | G110: =IF(OR(E110="",F110=""),"",E110*F110) -> 0.5 | H110: 윤경용 | K110: =IF(OR(E110="",F110=""),"",(E110*F110)/7.5) -> 0.066666667
A111: 부동산 계약서 관련 정원일 대표님 미팅 | E111: 0.5 | F111: 1 | G111: =IF(OR(E111="",F111=""),"",E111*F111) -> 0.5 | H111: 최용화 | K111: =IF(OR(E111="",F111=""),"",(E111*F111)/7.5) -> 0.066666667
A112: 물류 이동 AJ파렛트 2공장->1공장 | E112: 0.3 | F112: 1 | G112: =IF(OR(E112="",F112=""),"",E112*F112) -> 0.3 | H112: 최용화 | K112: =IF(OR(E112="",F112=""),"",(E112*F112)/7.5) -> 0.04
G113: =IF(OR(E113="",F113=""),"",E113*F113) | K113: =IF(OR(E113="",F113=""),"",(E113*F113)/7.5)
G114: =IF(OR(E114="",F114=""),"",E114*F114) | K114: =IF(OR(E114="",F114=""),"",(E114*F114)/7.5)
G115: =IF(OR(E115="",F115=""),"",E115*F115) | K115: =IF(OR(E115="",F115=""),"",(E115*F115)/7.5)
G116: =IF(OR(E116="",F116=""),"",E116*F116) | K116: =IF(OR(E116="",F116=""),"",(E116*F116)/7.5)
G117: =IF(OR(E117="",F117=""),"",E117*F117) | K117: =IF(OR(E117="",F117=""),"",(E117*F117)/7.5)
G118: =IF(OR(E118="",F118=""),"",E118*F118) | K118: =IF(OR(E118="",F118=""),"",(E118*F118)/7.5)
G119: =IF(OR(E119="",F119=""),"",E119*F119) | K119: =IF(OR(E119="",F119=""),"",(E119*F119)/7.5)
G120: =IF(OR(E120="",F120=""),"",E120*F120) | K120: =IF(OR(E120="",F120=""),"",(E120*F120)/7.5)
G121: =IF(OR(E121="",F121=""),"",E121*F121) | K121: =IF(OR(E121="",F121=""),"",(E121*F121)/7.5)
G122: =IF(OR(E122="",F122=""),"",E122*F122) | K122: =IF(OR(E122="",F122=""),"",(E122*F122)/7.5)
A123: 총수량 | C123: =SUM(C102:C105) -> 0 | D123: =SUM(D102:D105) -> 0 | E123: =SUM(E102:E122) -> 6 | F123: =IFERROR(G123/E123, 0) -> 1 | G123: =SUM(G102:G122) -> 6 | K123: =SUM(K102:K122) -> 0.8

Sheet 0921
I1: 담당 | J1: 검토 | K1: 확인
A2: (김포)생산공급망 업무일지 | I2: 최용화 | J2: 윤경용 | N2: 초록색상 지우기와 기재 금지
A4: 날짜 | B4: 46286
A6: ■ 제품포장작업
A7: 품명 | B7: 용량/규격 | C7: 수량 | D7: 박스 | E7: 작업시간 | F7: 투입인원수 | G7: 총작업시간 | H7: LINE/구분 | I7: 비고(LOT/NO) | J7: 카테고리 | K7: 작업공수 | L7: 작업자 | M7: 시작 | N7: 끝 | O7: 작업시간
A8: 1AA40002 / 썸오일 100% 합성엔진오일 0W20 | 1L | B8: =IFERROR(__xludf.DUMMYFUNCTION("IFERROR(REGEXEXTRACT(A8,""\| (.+)$""),"""") "),"1L") -> 1L | C8: 720 | D8: 60 | E8: 2.5 | F8: 3 | G8: =IF(OR(E8="",F8=""),"",E8*F8) -> 7.5 | H8: 자동 | I8: 260921 | J8: 엔진오일 | K8: =IF(OR(E8="",F8=""),"",(E8*F8)/7.5) -> 1 | O8: =IF(OR(M8="",N8=""),"",_xlfn.CEILING.MATH((N8-M8-(MEDIAN(N8,"13:00","12:00")-MEDIAN(M8,"13:00","12:00"))-(MEDIAN(N8,"16:30","16:00")-MEDIAN(M8,"16:30","16:00"))),"0:30")*24)
A9: 2AA40001 / GT Formula 엔진오일 PAO 0W20 | 1L | B9: =IFERROR(__xludf.DUMMYFUNCTION("IFERROR(REGEXEXTRACT(A9,""\| (.+)$""),"""") "),"1L") -> 1L | C9: 1152 | D9: 96 | E9: 2 | F9: 4 | G9: =IF(OR(E9="",F9=""),"",E9*F9) -> 8 | H9: 자동 | J9: 엔진오일 | K9: =IF(OR(E9="",F9=""),"",(E9*F9)/7.5) -> 1.0666667 | O9: =IF(OR(M9="",N9=""),"",_xlfn.CEILING.MATH((N9-M9-(MEDIAN(N9,"13:00","12:00")-MEDIAN(M9,"13:00","12:00"))-(MEDIAN(N9,"16:30","16:00")-MEDIAN(M9,"16:30","16:00"))),"0:30")*24)
A10: 2AA40041 / 스탠다드 100%합성엔진오일 5W30 | 1L | B10: =IFERROR(__xludf.DUMMYFUNCTION("IFERROR(REGEXEXTRACT(A10,""\| (.+)$""),"""") "),"1L") -> 1L | C10: 240 | D10: 20 | E10: 1 | F10: 4 | G10: =IF(OR(E10="",F10=""),"",E10*F10) -> 4 | H10: 자동 | I10: 260723 | J10: 엔진오일 | K10: =IF(OR(E10="",F10=""),"",(E10*F10)/7.5) -> 0.53333333 | O10: =IF(OR(M10="",N10=""),"",_xlfn.CEILING.MATH((N10-M10-(MEDIAN(N10,"13:00","12:00")-MEDIAN(M10,"13:00","12:00"))-(MEDIAN(N10,"16:30","16:00")-MEDIAN(M10,"16:30","16:00"))),"0:30")*24)
B11: =IFERROR(__xludf.DUMMYFUNCTION("IFERROR(REGEXEXTRACT(A11,""\| (.+)$""),"""") "),"") | G11: =IF(OR(E11="",F11=""),"",E11*F11) | K11: =IF(OR(E11="",F11=""),"",(E11*F11)/7.5) | O11: =IF(OR(M11="",N11=""),"",_xlfn.CEILING.MATH((N11-M11-(MEDIAN(N11,"13:00","12:00")-MEDIAN(M11,"13:00","12:00"))-(MEDIAN(N11,"16:30","16:00")-MEDIAN(M11,"16:30","16:00"))),"0:30")*24)
B12: =IFERROR(__xludf.DUMMYFUNCTION("IFERROR(REGEXEXTRACT(A12,""\| (.+)$""),"""") "),"") | G12: =IF(OR(E12="",F12=""),"",E12*F12) | K12: =IF(OR(E12="",F12=""),"",(E12*F12)/7.5) | O12: =IF(OR(M12="",N12=""),"",_xlfn.CEILING.MATH((N12-M12-(MEDIAN(N12,"13:00","12:00")-MEDIAN(M12,"13:00","12:00"))-(MEDIAN(N12,"16:30","16:00")-MEDIAN(M12,"16:30","16:00"))),"0:30")*24)
B13: =IFERROR(__xludf.DUMMYFUNCTION("IFERROR(REGEXEXTRACT(A13,""\| (.+)$""),"""") "),"") | G13: =IF(OR(E13="",F13=""),"",E13*F13) | K13: =IF(OR(E13="",F13=""),"",(E13*F13)/7.5) | O13: =IF(OR(M13="",N13=""),"",_xlfn.CEILING.MATH((N13-M13-(MEDIAN(N13,"13:00","12:00")-MEDIAN(M13,"13:00","12:00"))-(MEDIAN(N13,"16:30","16:00")-MEDIAN(M13,"16:30","16:00"))),"0:30")*24)
B14: =IFERROR(__xludf.DUMMYFUNCTION("IFERROR(REGEXEXTRACT(A14,""\| (.+)$""),"""") "),"") | G14: =IF(OR(E14="",F14=""),"",E14*F14) | K14: =IF(OR(E14="",F14=""),"",(E14*F14)/7.5) | O14: =IF(OR(M14="",N14=""),"",_xlfn.CEILING.MATH((N14-M14-(MEDIAN(N14,"13:00","12:00")-MEDIAN(M14,"13:00","12:00"))-(MEDIAN(N14,"16:30","16:00")-MEDIAN(M14,"16:30","16:00"))),"0:30")*24)
B15: =IFERROR(__xludf.DUMMYFUNCTION("IFERROR(REGEXEXTRACT(A15,""\| (.+)$""),"""") "),"") | G15: =IF(OR(E15="",F15=""),"",E15*F15) | K15: =IF(OR(E15="",F15=""),"",(E15*F15)/7.5) | O15: =IF(OR(M15="",N15=""),"",_xlfn.CEILING.MATH((N15-M15-(MEDIAN(N15,"13:00","12:00")-MEDIAN(M15,"13:00","12:00"))-(MEDIAN(N15,"16:30","16:00")-MEDIAN(M15,"16:30","16:00"))),"0:30")*24)
B16: =IFERROR(__xludf.DUMMYFUNCTION("IFERROR(REGEXEXTRACT(A16,""\| (.+)$""),"""") "),"") | G16: =IF(OR(E16="",F16=""),"",E16*F16) | K16: =IF(OR(E16="",F16=""),"",(E16*F16)/7.5) | O16: =IF(OR(M16="",N16=""),"",_xlfn.CEILING.MATH((N16-M16-(MEDIAN(N16,"13:00","12:00")-MEDIAN(M16,"13:00","12:00"))-(MEDIAN(N16,"16:30","16:00")-MEDIAN(M16,"16:30","16:00"))),"0:30")*24)
B17: =IFERROR(__xludf.DUMMYFUNCTION("IFERROR(REGEXEXTRACT(A17,""\| (.+)$""),"""") "),"") | G17: =IF(OR(E17="",F17=""),"",E17*F17) | K17: =IF(OR(E17="",F17=""),"",(E17*F17)/7.5)
A18: 총수량 | C18: =SUM(C8:C17) -> 2112 | D18: =SUM(D8:D17) -> 176 | E18: =SUM(E8:E17) -> 5.5 | F18: =IFERROR(G18/E18, 0) -> 3.5454545 | G18: =SUM(G8:G17) -> 19.5 | K18: =SUM(K8:K14) -> 2.6
A20: ■ 라벨부착작업
A21: 품명 | B21: 용량/규격 | C21: 수량 | D21: 박스 | E21: 작업시간 | F21: 투입인원수 | G21: 총작업시간 | H21: LINE/구분 | I21: 비고(LOT/NO) | J21: 카테고리 | K21: 작업공수 | M21: 시작 | N21: 끝 | O21: 작업시간
A22: DA020664 / 프로텍 브레이크액 DOT-4+ 1L 라벨 | 81*111 | B22: =IFERROR(__xludf.DUMMYFUNCTION("IFERROR(REGEXEXTRACT(A22,""\| (.+)$""),"""") "),"81*111") -> 81*111 | C22: 1106 | E22: 1.3 | F22: 3 | G22: =IF(OR(E22="",F22=""),"",E22*F22) -> 3.9 | H22: 자동B | J22: 브레이크액 | K22: =IF(OR(E22="",F22=""),"",(E22*F22)/7.5) -> 0.52 | O22: =IF(OR(M22="",N22=""),"",_xlfn.CEILING.MATH((N22-M22-(MEDIAN(N22,"13:00","12:00")-MEDIAN(M22,"13:00","12:00"))-(MEDIAN(N22,"16:30","16:00")-MEDIAN(M22,"16:30","16:00"))),"0:30")*24)
A23: DA020669 / 프로텍 브레이크액 DOT-4+ LV 1L 라벨 | 81*111 | B23: =IFERROR(__xludf.DUMMYFUNCTION("IFERROR(REGEXEXTRACT(A23,""\| (.+)$""),"""") "),"81*111") -> 81*111 | C23: 599 | E23: 0.5 | F23: 3 | G23: =IF(OR(E23="",F23=""),"",E23*F23) -> 1.5 | H23: 수동B | J23: 브레이크액 | K23: =IF(OR(E23="",F23=""),"",(E23*F23)/7.5) -> 0.2 | O23: =IF(OR(M23="",N23=""),"",_xlfn.CEILING.MATH((N23-M23-(MEDIAN(N23,"13:00","12:00")-MEDIAN(M23,"13:00","12:00"))-(MEDIAN(N23,"16:30","16:00")-MEDIAN(M23,"16:30","16:00"))),"0:30")*24)
B24: =IFERROR(__xludf.DUMMYFUNCTION("IFERROR(REGEXEXTRACT(A24,""\| (.+)$""),"""") "),"") | G24: =IF(OR(E24="",F24=""),"",E24*F24) | K24: =IF(OR(E24="",F24=""),"",(E24*F24)/7.5) | O24: =IF(OR(M24="",N24=""),"",_xlfn.CEILING.MATH((N24-M24-(MEDIAN(N24,"13:00","12:00")-MEDIAN(M24,"13:00","12:00"))-(MEDIAN(N24,"16:30","16:00")-MEDIAN(M24,"16:30","16:00"))),"0:30")*24)
B25: =IFERROR(__xludf.DUMMYFUNCTION("IFERROR(REGEXEXTRACT(A25,""\| (.+)$""),"""") "),"") | G25: =IF(OR(E25="",F25=""),"",E25*F25) | K25: =IF(OR(E25="",F25=""),"",(E25*F25)/7.5) | O25: =IF(OR(M25="",N25=""),"",_xlfn.CEILING.MATH((N25-M25-(MEDIAN(N25,"13:00","12:00")-MEDIAN(M25,"13:00","12:00"))-(MEDIAN(N25,"16:30","16:00")-MEDIAN(M25,"16:30","16:00"))),"0:30")*24)
B26: =IFERROR(__xludf.DUMMYFUNCTION("IFERROR(REGEXEXTRACT(A26,""\| (.+)$""),"""") "),"") | G26: =IF(OR(E26="",F26=""),"",E26*F26) | K26: =IF(OR(E26="",F26=""),"",(E26*F26)/7.5) | O26: =IF(OR(M26="",N26=""),"",_xlfn.CEILING.MATH((N26-M26-(MEDIAN(N26,"13:00","12:00")-MEDIAN(M26,"13:00","12:00"))-(MEDIAN(N26,"16:30","16:00")-MEDIAN(M26,"16:30","16:00"))),"0:30")*24)
A27: 총수량 | C27: =SUM(C22:C26) -> 1705 | D27: =SUM(D22:D26) -> 0 | E27: =SUM(E22:E26) -> 1.8 | F27: =IFERROR(G27/E27, 0) -> 3 | G27: =SUM(G22:G26) -> 5.4 | K27: =SUM(K22:K26) -> 0.72
A29: ■ 원액생산작업
A30: 품명 | B30: 용량/규격 | C30: 수량 | D30: 포장 | E30: 작업시간 | F30: 투입인원수 | G30: 총작업시간 | H30: LINE/구분 | I30: 비고(LOT/NO) | J30: 카테고리 | K30: 작업공수
A31: 5AA40001 / ODM 0W20 GD | B31: L | C31: 2020.8 | D31: TOTE | E31: 1.5 | F31: 1 | G31: =IF(OR(E31="",F31=""),"",E31*F31) -> 1.5 | H31: BT-2 | I31: G260921-021 | J31: 엔진오일 | K31: =IF(OR(E31="",F31=""),"",(E31*F31)/7.5) -> 0.2
A32: 5AB40005 / 엑스퍼트 엔진코팅제 | B32: L | C32: 1000 | D32: TOTE | E32: 2 | F32: 2 | G32: =IF(OR(E32="",F32=""),"",E32*F32) -> 4 | H32: BT-2 | I32: G260921-022 | J32: 엔진코팅제 | K32: =IF(OR(E32="",F32=""),"",(E32*F32)/7.5) -> 0.53333333
G33: =IF(OR(E33="",F33=""),"",E33*F33) | K33: =IF(OR(E33="",F33=""),"",(E33*F33)/7.5)
G34: =IF(OR(E34="",F34=""),"",E34*F34) | K34: =IF(OR(E34="",F34=""),"",(E34*F34)/7.5)
G35: =IF(OR(E35="",F35=""),"",E35*F35) | K35: =IF(OR(E35="",F35=""),"",(E35*F35)/7.5)
A36: 총수량 | C36: =SUM(C31:C35) -> 3020.8 | E36: =SUM(E28:E35) -> 3.5 | F36: =IFERROR(G36/E36, 0) -> 3.1142857 | G36: =SUM(G26:G35) -> 10.9 | K36: =SUM(K31:K35) -> 0.73333333
A38: ■ 출고내역
A39: 품명 | B39: 용량/규격 | C39: 수량 | D39: 박스 | E39: 거래처 | G39: 확인자 | H39: 운송 | I39: 비고
B40: =IFERROR(__xludf.DUMMYFUNCTION("IFERROR(REGEXEXTRACT(A40,""\| (.+)$""),"""") "),"")
B41: =IFERROR(__xludf.DUMMYFUNCTION("IFERROR(REGEXEXTRACT(A41,""\| (.+)$""),"""") "),"")
B42: =IFERROR(__xludf.DUMMYFUNCTION("IFERROR(REGEXEXTRACT(A42,""\| (.+)$""),"""") "),"")
B43: =IFERROR(__xludf.DUMMYFUNCTION("IFERROR(REGEXEXTRACT(A43,""\| (.+)$""),"""") "),"")
B47: =IFERROR(__xludf.DUMMYFUNCTION("IFERROR(REGEXEXTRACT(A47,""\| (.+)$""),"""") "),"")
A48: 총수량 | C48: =SUM(C40:C47) -> 0
A50: ■ 입고내역
A51: 품명 | B51: 용량/규격 | C51: 수량 | D51: 박스 | E51: 거래처 | G51: 확인자 | H51: 비고
A52: BF LV-1202 | B52: 200L | C52: 28 | D52: D/M | E52: 동아특수화학 | G52: 최용화
A53: GT 0W20 용기 | B53: 1L | C53: 2551 | E53: 대성케미칼 | G53: 윤경용
A54: 버진캡 | C54: 1500 | E54: 대성케미칼 | G54: 윤경용
A65: 총수량 | C65: =SUM(C52:C64) -> 4079
A67: ■ 이동제품
A68: 품명 | B68: 용량/규격 | C68: 단위 | D68: 수량 | E68: 박스 | F68: 차량 | G68: 운반자 | H68: 비고
A69: 넘버원 5W30 | B69: 1L | C69: EA | D69: 720 | E69: 60 | F69: 3.5T | G69: 박용채 | H69: 김포 -> 본사
A70: 프로텍 브레이크 DOT4+LV | B70: 1L | C70: EA | D70: 720 | E70: 60 | F70: 3.5T | G70: 박용채 | H70: 김포 -> 본사
A71: 부동액 3L 용기 | B71: 3L | C71: EA | D71: 480 | F71: 3.5T | G71: 박용채 | H71: 김포 -> 본사
A72: OF3 5W30 | B72: 1L | C72: EA | D72: 360 | E72: 30 | F72: 3.5T | G72: 박용채 | H72: 김포 -> 본사
A73: 대성 300ml 검정 용기 | B73: 0.3L | C73: EA | D73: 5760 | F73: 3.5T | G73: 박용채 | H73: 김포 -> 본사
A74: 증류수 | B74: 1000L | C74: EA | D74: 1 | E74: TOTE | F74: 3.5T | G74: 박용채 | H74: 본사 -> 김포
A75: 공토트 | C75: EA | D75: 1 | E75: TOTE | F75: 3.5T | G75: 박용채 | H75: 본사 -> 김포
A76: GT 0W30 라벨 | C76: EA | D76: 2500 | F76: 3.5T | G76: 박용채 | H76: 본사 -> 김포
A77: GT 0W20 라벨 | C77: EA | D77: 2000 | F77: 3.5T | G77: 박용채 | H77: 본사 -> 김포
A78: GT 5W30 라벨 | C78: EA | D78: 700 | F78: 3.5T | G78: 박용채 | H78: 본사 -> 김포
A79: 동성유화 코팅제 라벨 | C79: EA | D79: 10 | F79: 3.5T | G79: 박용채 | H79: 본사 -> 김포
A89: 총수량 | C89: =SUM(C69:C80) -> 0 | D89: =SUM(D69:D80) -> 13252
A91: ■ 택배출고현황 | E91: ■ 기타
A92: 구분 | B92: 건수 | C92: 비고
A93: 경동택배
A94: 용차
A95: 납품
A98: 총수량 | B98: =SUM(B93:B97) -> 0
A100: ■ 기타업무
A101: 업무명 | B101: 용량/규격 | C101: 수량 | D101: 단위 | E101: 작업시간 | F101: 투입인원수 | G101: 총작업시간 | H101: 비고 | K101: 작업공수
A102: 부자재 사용량 이카운트 전산 입력 및 GWS 최신화 | E102: 0.8 | F102: 1 | G102: =IF(OR(E102="",F102=""),"",E102*F102) -> 0.8 | H102: 최용화 | K102: =IF(OR(E102="",F102=""),"",(E102*F102)/7.5) -> 0.10666667
A103: 완제품 입,출고 이카운트 전산 입력 및 GWS 최신화 | E103: 0.6 | F103: 1 | G103: =IF(OR(E103="",F103=""),"",E103*F103) -> 0.6 | H103: 최용화 | K103: =IF(OR(E103="",F103=""),"",(E103*F103)/7.5) -> 0.08
A104: 업무일지 작성 및 서류 정리 | E104: 0.5 | F104: 1 | G104: =IF(OR(E104="",F104=""),"",E104*F104) -> 0.5 | H104: 최용화 | K104: =IF(OR(E104="",F104=""),"",(E104*F104)/7.5) -> 0.066666667
A105: 김포2공장 점검 / 환기 | E105: 0.5 | F105: 1 | G105: =IF(OR(E105="",F105=""),"",E105*F105) -> 0.5 | H105: 최용화 | K105: =IF(OR(E105="",F105=""),"",(E105*F105)/7.5) -> 0.066666667
A106: 본사 요청 이동 부자재 준비 및 Packing | E106: 0.7 | F106: 1 | G106: =IF(OR(E106="",F106=""),"",E106*F106) -> 0.7 | H106: 최용화 | K106: =IF(OR(E106="",F106=""),"",(E106*F106)/7.5) -> 0.093333333
A107: 본사 이동 물품 준비 및 상,하차 | E107: 0.7 | F107: 1 | G107: =IF(OR(E107="",F107=""),"",E107*F107) -> 0.7 | H107: 최용화 | K107: =IF(OR(E107="",F107=""),"",(E107*F107)/7.5) -> 0.093333333
A108: 김포2공장 B동 정리 | E108: 0.5 | F108: 1 | G108: =IF(OR(E108="",F108=""),"",E108*F108) -> 0.5 | H108: 최용화 | K108: =IF(OR(E108="",F108=""),"",(E108*F108)/7.5) -> 0.066666667
A109: 김포공장 C동 정리 | E109: 0.3 | F109: 1 | G109: =IF(OR(E109="",F109=""),"",E109*F109) -> 0.3 | H109: 최용화 | K109: =IF(OR(E109="",F109=""),"",(E109*F109)/7.5) -> 0.04
A110: WMS 대림 자체 소프트웨어 개발 | G110: =IF(OR(E110="",F110=""),"",E110*F110) | H110: 윤경용 | K110: =IF(OR(E110="",F110=""),"",(E110*F110)/7.5)
G111: =IF(OR(E111="",F111=""),"",E111*F111) | K111: =IF(OR(E111="",F111=""),"",(E111*F111)/7.5)
G112: =IF(OR(E112="",F112=""),"",E112*F112) | K112: =IF(OR(E112="",F112=""),"",(E112*F112)/7.5)
G113: =IF(OR(E113="",F113=""),"",E113*F113) | K113: =IF(OR(E113="",F113=""),"",(E113*F113)/7.5)
G114: =IF(OR(E114="",F114=""),"",E114*F114) | K114: =IF(OR(E114="",F114=""),"",(E114*F114)/7.5)
G115: =IF(OR(E115="",F115=""),"",E115*F115) | K115: =IF(OR(E115="",F115=""),"",(E115*F115)/7.5)
G116: =IF(OR(E116="",F116=""),"",E116*F116) | K116: =IF(OR(E116="",F116=""),"",(E116*F116)/7.5)
G117: =IF(OR(E117="",F117=""),"",E117*F117) | K117: =IF(OR(E117="",F117=""),"",(E117*F117)/7.5)
G118: =IF(OR(E118="",F118=""),"",E118*F118) | K118: =IF(OR(E118="",F118=""),"",(E118*F118)/7.5)
G119: =IF(OR(E119="",F119=""),"",E119*F119) | K119: =IF(OR(E119="",F119=""),"",(E119*F119)/7.5)
G120: =IF(OR(E120="",F120=""),"",E120*F120) | K120: =IF(OR(E120="",F120=""),"",(E120*F120)/7.5)
G121: =IF(OR(E121="",F121=""),"",E121*F121) | K121: =IF(OR(E121="",F121=""),"",(E121*F121)/7.5)
G122: =IF(OR(E122="",F122=""),"",E122*F122) | K122: =IF(OR(E122="",F122=""),"",(E122*F122)/7.5)
A123: 총수량 | C123: =SUM(C102:C105) -> 0 | D123: =SUM(D102:D105) -> 0 | E123: =SUM(E102:E122) -> 4.6 | F123: =IFERROR(G123/E123, 0) -> 1 | G123: =SUM(G102:G122) -> 4.6 | K123: =SUM(K102:K122) -> 0.61333333

Sheet 0918
I1: 담당 | J1: 검토 | K1: 확인
A2: (김포)생산공급망 업무일지 | I2: 최용화 | J2: 윤경용 | N2: 초록색상 지우기와 기재 금지
A4: 날짜 | B4: 46283
A6: ■ 제품포장작업
A7: 품명 | B7: 용량/규격 | C7: 수량 | D7: 박스 | E7: 작업시간 | F7: 투입인원수 | G7: 총작업시간 | H7: LINE/구분 | I7: 비고(LOT/NO) | J7: 카테고리 | K7: 작업공수 | L7: 작업자 | M7: 시작 | N7: 끝 | O7: 작업시간
A8: 2AA40003 / GT Formula 엔진오일 PAO 5W30 | 1L | B8: =IFERROR(__xludf.DUMMYFUNCTION("IFERROR(REGEXEXTRACT(A8,""\| (.+)$""),"""") "),"1L") -> 1L | C8: 540 | D8: 45 | E8: 1.5 | F8: 3 | G8: =IF(OR(E8="",F8=""),"",E8*F8) -> 4.5 | H8: 자동 | J8: 엔진오일 | K8: =IF(OR(E8="",F8=""),"",(E8*F8)/7.5) -> 0.6 | L8: 정화순, 윤상모, 김백철, 김세중 | O8: =IF(OR(M8="",N8=""),"",_xlfn.CEILING.MATH((N8-M8-(MEDIAN(N8,"13:00","12:00")-MEDIAN(M8,"13:00","12:00"))-(MEDIAN(N8,"16:30","16:00")-MEDIAN(M8,"16:30","16:00"))),"0:30")*24)
A9: 1AA40012 / 썸오일 100% 합성엔진오일 4T 5W40 | 1L | B9: =IFERROR(__xludf.DUMMYFUNCTION("IFERROR(REGEXEXTRACT(A9,""\| (.+)$""),"""") "),"1L") -> 1L | C9: 432 | D9: 36 | E9: 2.5 | F9: 3 | G9: =IF(OR(E9="",F9=""),"",E9*F9) -> 7.5 | H9: 자동 | J9: 엔진오일 | K9: =IF(OR(E9="",F9=""),"",(E9*F9)/7.5) -> 1 | L9: 정화순, 윤상모, 김세중 | O9: =IF(OR(M9="",N9=""),"",_xlfn.CEILING.MATH((N9-M9-(MEDIAN(N9,"13:00","12:00")-MEDIAN(M9,"13:00","12:00"))-(MEDIAN(N9,"16:30","16:00")-MEDIAN(M9,"16:30","16:00"))),"0:30")*24)
A10: 1AA40012 / 썸오일 100% 합성엔진오일 4T 5W40 | 1L | B10: =IFERROR(__xludf.DUMMYFUNCTION("IFERROR(REGEXEXTRACT(A10,""\| (.+)$""),"""") "),"1L") -> 1L | C10: 288 | D10: 24 | E10: 1 | F10: 4 | G10: =IF(OR(E10="",F10=""),"",E10*F10) -> 4 | H10: 자동 | J10: 엔진오일 | K10: =IF(OR(E10="",F10=""),"",(E10*F10)/7.5) -> 0.53333333 | L10: 정화순, 윤상모, 김세중 | O10: =IF(OR(M10="",N10=""),"",_xlfn.CEILING.MATH((N10-M10-(MEDIAN(N10,"13:00","12:00")-MEDIAN(M10,"13:00","12:00"))-(MEDIAN(N10,"16:30","16:00")-MEDIAN(M10,"16:30","16:00"))),"0:30")*24)
B11: =IFERROR(__xludf.DUMMYFUNCTION("IFERROR(REGEXEXTRACT(A11,""\| (.+)$""),"""") "),"") | G11: =IF(OR(E11="",F11=""),"",E11*F11) | K11: =IF(OR(E11="",F11=""),"",(E11*F11)/7.5) | L11: 정화순, 윤상모, 김세중 | O11: =IF(OR(M11="",N11=""),"",_xlfn.CEILING.MATH((N11-M11-(MEDIAN(N11,"13:00","12:00")-MEDIAN(M11,"13:00","12:00"))-(MEDIAN(N11,"16:30","16:00")-MEDIAN(M11,"16:30","16:00"))),"0:30")*24)
B12: =IFERROR(__xludf.DUMMYFUNCTION("IFERROR(REGEXEXTRACT(A12,""\| (.+)$""),"""") "),"") | G12: =IF(OR(E12="",F12=""),"",E12*F12) | K12: =IF(OR(E12="",F12=""),"",(E12*F12)/7.5) | O12: =IF(OR(M12="",N12=""),"",_xlfn.CEILING.MATH((N12-M12-(MEDIAN(N12,"13:00","12:00")-MEDIAN(M12,"13:00","12:00"))-(MEDIAN(N12,"16:30","16:00")-MEDIAN(M12,"16:30","16:00"))),"0:30")*24)
B13: =IFERROR(__xludf.DUMMYFUNCTION("IFERROR(REGEXEXTRACT(A13,""\| (.+)$""),"""") "),"") | G13: =IF(OR(E13="",F13=""),"",E13*F13) | K13: =IF(OR(E13="",F13=""),"",(E13*F13)/7.5) | O13: =IF(OR(M13="",N13=""),"",_xlfn.CEILING.MATH((N13-M13-(MEDIAN(N13,"13:00","12:00")-MEDIAN(M13,"13:00","12:00"))-(MEDIAN(N13,"16:30","16:00")-MEDIAN(M13,"16:30","16:00"))),"0:30")*24)
B14: =IFERROR(__xludf.DUMMYFUNCTION("IFERROR(REGEXEXTRACT(A14,""\| (.+)$""),"""") "),"") | G14: =IF(OR(E14="",F14=""),"",E14*F14) | K14: =IF(OR(E14="",F14=""),"",(E14*F14)/7.5) | O14: =IF(OR(M14="",N14=""),"",_xlfn.CEILING.MATH((N14-M14-(MEDIAN(N14,"13:00","12:00")-MEDIAN(M14,"13:00","12:00"))-(MEDIAN(N14,"16:30","16:00")-MEDIAN(M14,"16:30","16:00"))),"0:30")*24)
B15: =IFERROR(__xludf.DUMMYFUNCTION("IFERROR(REGEXEXTRACT(A15,""\| (.+)$""),"""") "),"") | G15: =IF(OR(E15="",F15=""),"",E15*F15) | K15: =IF(OR(E15="",F15=""),"",(E15*F15)/7.5) | O15: =IF(OR(M15="",N15=""),"",_xlfn.CEILING.MATH((N15-M15-(MEDIAN(N15,"13:00","12:00")-MEDIAN(M15,"13:00","12:00"))-(MEDIAN(N15,"16:30","16:00")-MEDIAN(M15,"16:30","16:00"))),"0:30")*24)
B16: =IFERROR(__xludf.DUMMYFUNCTION("IFERROR(REGEXEXTRACT(A16,""\| (.+)$""),"""") "),"") | G16: =IF(OR(E16="",F16=""),"",E16*F16) | K16: =IF(OR(E16="",F16=""),"",(E16*F16)/7.5) | O16: =IF(OR(M16="",N16=""),"",_xlfn.CEILING.MATH((N16-M16-(MEDIAN(N16,"13:00","12:00")-MEDIAN(M16,"13:00","12:00"))-(MEDIAN(N16,"16:30","16:00")-MEDIAN(M16,"16:30","16:00"))),"0:30")*24)
B17: =IFERROR(__xludf.DUMMYFUNCTION("IFERROR(REGEXEXTRACT(A17,""\| (.+)$""),"""") "),"") | G17: =IF(OR(E17="",F17=""),"",E17*F17) | K17: =IF(OR(E17="",F17=""),"",(E17*F17)/7.5)
A18: 총수량 | C18: =SUM(C8:C17) -> 1260 | D18: =SUM(D8:D17) -> 105 | E18: =SUM(E8:E17) -> 5 | F18: =IFERROR(G18/E18, 0) -> 3.2 | G18: =SUM(G8:G17) -> 16 | K18: =SUM(K8:K14) -> 2.1333333
A20: ■ 라벨부착작업
A21: 품명 | B21: 용량/규격 | C21: 수량 | D21: 박스 | E21: 작업시간 | F21: 투입인원수 | G21: 총작업시간 | H21: LINE/구분 | I21: 비고(LOT/NO) | J21: 카테고리 | K21: 작업공수 | M21: 시작 | N21: 끝 | O21: 작업시간
A22: DA020669 / 프로텍 브레이크액 DOT-4+ LV 1L 라벨 | 81*111 | B22: =IFERROR(__xludf.DUMMYFUNCTION("IFERROR(REGEXEXTRACT(A22,""\| (.+)$""),"""") "),"81*111") -> 81*111 | C22: 154 | E22: 0.5 | F22: 3 | G22: =IF(OR(E22="",F22=""),"",E22*F22) -> 1.5 | H22: 자동B | J22: 브레이크액 | K22: =IF(OR(E22="",F22=""),"",(E22*F22)/7.5) -> 0.2 | L22: 정화순, 윤상모, 김백철, 김세중 | O22: =IF(OR(M22="",N22=""),"",_xlfn.CEILING.MATH((N22-M22-(MEDIAN(N22,"13:00","12:00")-MEDIAN(M22,"13:00","12:00"))-(MEDIAN(N22,"16:30","16:00")-MEDIAN(M22,"16:30","16:00"))),"0:30")*24)
A23: DA020664 / 프로텍 브레이크액 DOT-4+ 1L 라벨 | 81*111 | B23: =IFERROR(__xludf.DUMMYFUNCTION("IFERROR(REGEXEXTRACT(A23,""\| (.+)$""),"""") "),"81*111") -> 81*111 | C23: 1394 | E23: 1.3 | F23: 3 | G23: =IF(OR(E23="",F23=""),"",E23*F23) -> 3.9 | H23: 자동B | J23: 브레이크액 | K23: =IF(OR(E23="",F23=""),"",(E23*F23)/7.5) -> 0.52 | O23: =IF(OR(M23="",N23=""),"",_xlfn.CEILING.MATH((N23-M23-(MEDIAN(N23,"13:00","12:00")-MEDIAN(M23,"13:00","12:00"))-(MEDIAN(N23,"16:30","16:00")-MEDIAN(M23,"16:30","16:00"))),"0:30")*24)
A24: DO020100 / 썸오일 4T 100% 합성엔진오일 5W-40 1L 라벨 | 81*111 | B24: =IFERROR(__xludf.DUMMYFUNCTION("IFERROR(REGEXEXTRACT(A24,""\| (.+)$""),"""") "),"81*111") -> 81*111 | C24: 520 | E24: 1 | F24: 3 | G24: =IF(OR(E24="",F24=""),"",E24*F24) -> 3 | H24: 자동B | J24: 엔진오일 | K24: =IF(OR(E24="",F24=""),"",(E24*F24)/7.5) -> 0.4 | O24: =IF(OR(M24="",N24=""),"",_xlfn.CEILING.MATH((N24-M24-(MEDIAN(N24,"13:00","12:00")-MEDIAN(M24,"13:00","12:00"))-(MEDIAN(N24,"16:30","16:00")-MEDIAN(M24,"16:30","16:00"))),"0:30")*24)
B25: =IFERROR(__xludf.DUMMYFUNCTION("IFERROR(REGEXEXTRACT(A25,""\| (.+)$""),"""") "),"") | G25: =IF(OR(E25="",F25=""),"",E25*F25) | K25: =IF(OR(E25="",F25=""),"",(E25*F25)/7.5) | O25: =IF(OR(M25="",N25=""),"",_xlfn.CEILING.MATH((N25-M25-(MEDIAN(N25,"13:00","12:00")-MEDIAN(M25,"13:00","12:00"))-(MEDIAN(N25,"16:30","16:00")-MEDIAN(M25,"16:30","16:00"))),"0:30")*24)
B26: =IFERROR(__xludf.DUMMYFUNCTION("IFERROR(REGEXEXTRACT(A26,""\| (.+)$""),"""") "),"") | G26: =IF(OR(E26="",F26=""),"",E26*F26) | K26: =IF(OR(E26="",F26=""),"",(E26*F26)/7.5) | O26: =IF(OR(M26="",N26=""),"",_xlfn.CEILING.MATH((N26-M26-(MEDIAN(N26,"13:00","12:00")-MEDIAN(M26,"13:00","12:00"))-(MEDIAN(N26,"16:30","16:00")-MEDIAN(M26,"16:30","16:00"))),"0:30")*24)
A27: 총수량 | C27: =SUM(C22:C26) -> 2068 | D27: =SUM(D22:D26) -> 0 | E27: =SUM(E22:E26) -> 2.8 | F27: =IFERROR(G27/E27, 0) -> 3 | G27: =SUM(G22:G26) -> 8.4 | K27: =SUM(K22:K26) -> 1.12
A29: ■ 원액생산작업
A30: 품명 | B30: 용량/규격 | C30: 수량 | D30: 포장 | E30: 작업시간 | F30: 투입인원수 | G30: 총작업시간 | H30: LINE/구분 | I30: 비고(LOT/NO) | J30: 카테고리 | K30: 작업공수
A31: 5AJ40009 / 엔진 세척제 (크린텍)-솔벤트 | B31: L | C31: 1000 | D31: TOTE | E31: 1 | F31: 1 | G31: =IF(OR(E31="",F31=""),"",E31*F31) -> 1 | H31: BT-2 | I31: G260918-021 | J31: 엔진세척제 | K31: =IF(OR(E31="",F31=""),"",(E31*F31)/7.5) -> 0.13333333 | L31: 윤경용
A32: 5AA40027 / SUMOIL 5W40 4T | B32: L | C32: 800 | D32: TOTE | E32: 2 | F32: 2 | G32: =IF(OR(E32="",F32=""),"",E32*F32) -> 4 | H32: BT-2 | I32: G260918-022 | J32: 엔진오일 | K32: =IF(OR(E32="",F32=""),"",(E32*F32)/7.5) -> 0.53333333
A33: 5AA40024 / SUMOIL 0W20 | B33: L | C33: 1000 | D33: TOTE | E33: 1 | F33: 2 | G33: =IF(OR(E33="",F33=""),"",E33*F33) -> 2 | H33: BT-2 | I33: G260918-023 | J33: 엔진오일 | K33: =IF(OR(E33="",F33=""),"",(E33*F33)/7.5) -> 0.26666667
A34: 5AA40012 / MOTOR 2T SAE20 | B34: L | C34: 1000 | D34: TOTE | E34: 2 | F34: 2 | G34: =IF(OR(E34="",F34=""),"",E34*F34) -> 4 | H34: BT-2 | I34: G260918-024 | J34: 엔진오일 | K34: =IF(OR(E34="",F34=""),"",(E34*F34)/7.5) -> 0.53333333
G35: =IF(OR(E35="",F35=""),"",E35*F35) | K35: =IF(OR(E35="",F35=""),"",(E35*F35)/7.5)
A36: 총수량 | C36: =SUM(C31:C35) -> 3800 | E36: =SUM(E28:E35) -> 6 | F36: =IFERROR(G36/E36, 0) -> 3.2333333 | G36: =SUM(G26:G35) -> 19.4 | K36: =SUM(K31:K35) -> 1.4666667
A38: ■ 출고내역
A39: 품명 | B39: 용량/규격 | C39: 수량 | D39: 박스 | E39: 거래처 | G39: 확인자 | H39: 운송 | I39: 비고
B40: =IFERROR(__xludf.DUMMYFUNCTION("IFERROR(REGEXEXTRACT(A40,""\| (.+)$""),"""") "),"")
B41: =IFERROR(__xludf.DUMMYFUNCTION("IFERROR(REGEXEXTRACT(A41,""\| (.+)$""),"""") "),"")
B42: =IFERROR(__xludf.DUMMYFUNCTION("IFERROR(REGEXEXTRACT(A42,""\| (.+)$""),"""") "),"")
B43: =IFERROR(__xludf.DUMMYFUNCTION("IFERROR(REGEXEXTRACT(A43,""\| (.+)$""),"""") "),"")
B47: =IFERROR(__xludf.DUMMYFUNCTION("IFERROR(REGEXEXTRACT(A47,""\| (.+)$""),"""") "),"")
A48: 총수량 | C48: =SUM(C40:C47) -> 0
A50: ■ 입고내역
A51: 품명 | B51: 용량/규격 | C51: 수량 | D51: 박스 | E51: 거래처 | G51: 확인자 | H51: 비고
A52: SMO-80 | B52: 200L | C52: 1 | D52: D/M | E52: 세명인더스트리 | G52: 윤경용
A53: GLYCERINE | B53: 200L | C53: 1 | D53: D/M | E53: 세명인더스트리 | G53: 윤경용
A54: 함수구연산 | B54: KG | C54: 125 | E54: 세명인더스트리 | G54: 윤경용
A55: LN-2Z | B55: 200L | C55: 4 | D55: D/M | E55: 세명인더스트리 | G55: 윤경용
A56: LN-2Z | B56: 200L | C56: 6 | D56: D/M | E56: 세명인더스트리 | G56: 윤경용
A57: LN-5PPG | B57: 200L | C57: 2 | D57: D/M | E57: 세명인더스트리 | G57: 윤경용
A65: 총수량 | C65: =SUM(C52:C64) -> 139
A67: ■ 이동제품
A68: 품명 | B68: 용량/규격 | C68: 단위 | D68: 수량 | E68: 박스 | F68: 차량 | G68: 운반자 | H68: 비고
A89: 총수량 | C89: =SUM(C69:C80) -> 0 | D89: =SUM(D69:D80) -> 0
A91: ■ 택배출고현황 | E91: ■ 기타
A92: 구분 | B92: 건수 | C92: 비고
A93: 경동택배
A94: 용차
A95: 납품
A98: 총수량 | B98: =SUM(B93:B97) -> 0
A100: ■ 기타업무
A101: 업무명 | B101: 용량/규격 | C101: 수량 | D101: 단위 | E101: 작업시간 | F101: 투입인원수 | G101: 총작업시간 | H101: 비고 | K101: 작업공수
A102: 부자재 사용량 이카운트 전산 입력 및 GWS 최신화 | E102: 0.4 | F102: 1 | G102: =IF(OR(E102="",F102=""),"",E102*F102) -> 0.4 | H102: 최용화 | K102: =IF(OR(E102="",F102=""),"",(E102*F102)/7.5) -> 0.053333333
A103: 완제품 입,출고 이카운트 전산 입력 및 GWS 최신화 | E103: 0.4 | F103: 1 | G103: =IF(OR(E103="",F103=""),"",E103*F103) -> 0.4 | H103: 최용화 | K103: =IF(OR(E103="",F103=""),"",(E103*F103)/7.5) -> 0.053333333
A104: 업무일지 작성 및 서류 정리 | E104: 0.5 | F104: 1 | G104: =IF(OR(E104="",F104=""),"",E104*F104) -> 0.5 | H104: 최용화 | K104: =IF(OR(E104="",F104=""),"",(E104*F104)/7.5) -> 0.066666667
A105: 김포2공장 점검 / 환기 | E105: 0.5 | F105: 1 | G105: =IF(OR(E105="",F105=""),"",E105*F105) -> 0.5 | H105: 최용화 | K105: =IF(OR(E105="",F105=""),"",(E105*F105)/7.5) -> 0.066666667
A106: 김포3공장 고압 재사용신청 안전 검사 수행 | E106: 1.5 | F106: 1 | G106: =IF(OR(E106="",F106=""),"",E106*F106) -> 1.5 | H106: 최용화 | K106: =IF(OR(E106="",F106=""),"",(E106*F106)/7.5) -> 0.2
A107: (주) 대한전기 서브분전반 공사 견적서 검토 | E107: 0.5 | F107: 1 | G107: =IF(OR(E107="",F107=""),"",E107*F107) -> 0.5 | H107: 최용화 | K107: =IF(OR(E107="",F107=""),"",(E107*F107)/7.5) -> 0.066666667
A108: 서브분전반 신설 최종협의건 기안서 작성 | E108: 0.5 | F108: 1 | G108: =IF(OR(E108="",F108=""),"",E108*F108) -> 0.5 | H108: 최용화 | K108: =IF(OR(E108="",F108=""),"",(E108*F108)/7.5) -> 0.066666667
A109: 임차인측 내선 공사 견적서 검토 | E109: 0.5 | F109: 1 | G109: =IF(OR(E109="",F109=""),"",E109*F109) -> 0.5 | H109: 최용화 | K109: =IF(OR(E109="",F109=""),"",(E109*F109)/7.5) -> 0.066666667
A110: 백호전기 임차인 내선 공사 견적서 검토 | E110: 0.5 | F110: 1 | G110: =IF(OR(E110="",F110=""),"",E110*F110) -> 0.5 | H110: 최용화 | K110: =IF(OR(E110="",F110=""),"",(E110*F110)/7.5) -> 0.066666667
A111: 승화전기 견적서 가격 협상 최종 협의 | E111: 0.3 | F111: 1 | G111: =IF(OR(E111="",F111=""),"",E111*F111) -> 0.3 | H111: 최용화 | K111: =IF(OR(E111="",F111=""),"",(E111*F111)/7.5) -> 0.04
A112: 우원팩토리 대표 내선 공사 진행 확정 소통 | E112: 0.7 | F112: 1 | G112: =IF(OR(E112="",F112=""),"",E112*F112) -> 0.7 | H112: 최용화 | K112: =IF(OR(E112="",F112=""),"",(E112*F112)/7.5) -> 0.093333333
A113: 공간부동산 합의서 특약사항 추가 요청 소통 | E113: 0.5 | F113: 1 | G113: =IF(OR(E113="",F113=""),"",E113*F113) -> 0.5 | H113: 최용화 | K113: =IF(OR(E113="",F113=""),"",(E113*F113)/7.5) -> 0.066666667
A114: 한전 접속공사 본선 분기 결선 및 COS 설치 | E114: 0.5 | F114: 1 | G114: =IF(OR(E114="",F114=""),"",E114*F114) -> 0.5 | H114: 최용화 | K114: =IF(OR(E114="",F114=""),"",(E114*F114)/7.5) -> 0.066666667
G115: =IF(OR(E115="",F115=""),"",E115*F115) | K115: =IF(OR(E115="",F115=""),"",(E115*F115)/7.5)
G116: =IF(OR(E116="",F116=""),"",E116*F116) | K116: =IF(OR(E116="",F116=""),"",(E116*F116)/7.5)
G117: =IF(OR(E117="",F117=""),"",E117*F117) | K117: =IF(OR(E117="",F117=""),"",(E117*F117)/7.5)
G118: =IF(OR(E118="",F118=""),"",E118*F118) | K118: =IF(OR(E118="",F118=""),"",(E118*F118)/7.5)
G119: =IF(OR(E119="",F119=""),"",E119*F119) | K119: =IF(OR(E119="",F119=""),"",(E119*F119)/7.5)
G120: =IF(OR(E120="",F120=""),"",E120*F120) | K120: =IF(OR(E120="",F120=""),"",(E120*F120)/7.5)
G121: =IF(OR(E121="",F121=""),"",E121*F121) | K121: =IF(OR(E121="",F121=""),"",(E121*F121)/7.5)
G122: =IF(OR(E122="",F122=""),"",E122*F122) | K122: =IF(OR(E122="",F122=""),"",(E122*F122)/7.5)
A123: 총수량 | C123: =SUM(C102:C105) -> 0 | D123: =SUM(D102:D105) -> 0 | E123: =SUM(E102:E122) -> 7.3 | F123: =IFERROR(G123/E123, 0) -> 1 | G123: =SUM(G102:G122) -> 7.3 | K123: =SUM(K102:K122) -> 0.97333333

Sheet 0917
I1: 담당 | J1: 검토 | K1: 확인
A2: (김포)생산공급망 업무일지 | I2: 최용화 | J2: 윤경용 | N2: 초록색상 지우기와 기재 금지
A4: 날짜 | B4: 46282
A6: ■ 제품포장작업
A7: 품명 | B7: 용량/규격 | C7: 수량 | D7: 박스 | E7: 작업시간 | F7: 투입인원수 | G7: 총작업시간 | H7: LINE/구분 | I7: 비고(LOT/NO) | J7: 카테고리 | K7: 작업공수 | L7: 작업자 | M7: 시작 | N7: 끝 | O7: 작업시간
A8: 1AA40013 / 미라텍 플러스 100% 합성엔진오일 5W30 | 1L | B8: =IFERROR(__xludf.DUMMYFUNCTION("IFERROR(REGEXEXTRACT(A8,""\| (.+)$""),"""") "),"1L") -> 1L | C8: 720 | D8: 60 | E8: 1.5 | F8: 3 | G8: =IF(OR(E8="",F8=""),"",E8*F8) -> 4.5 | H8: 자동 | I8: 260916 | J8: 엔진오일 | K8: =IF(OR(E8="",F8=""),"",(E8*F8)/7.5) -> 0.6 | L8: 정화순, 윤상모, 김백철, 김세중 | O8: =IF(OR(M8="",N8=""),"",_xlfn.CEILING.MATH((N8-M8-(MEDIAN(N8,"13:00","12:00")-MEDIAN(M8,"13:00","12:00"))-(MEDIAN(N8,"16:30","16:00")-MEDIAN(M8,"16:30","16:00"))),"0:30")*24)
A9: 2AA40017 / 넘버원 100%합성엔진오일 5W30 | 1L | B9: =IFERROR(__xludf.DUMMYFUNCTION("IFERROR(REGEXEXTRACT(A9,""\| (.+)$""),"""") "),"1L") -> 1L | C9: 720 | D9: 60 | E9: 2 | F9: 3 | G9: =IF(OR(E9="",F9=""),"",E9*F9) -> 6 | H9: 자동 | I9: 260917 | J9: 엔진오일 | K9: =IF(OR(E9="",F9=""),"",(E9*F9)/7.5) -> 0.8 | L9: 정화순, 윤상모, 김세중 | O9: =IF(OR(M9="",N9=""),"",_xlfn.CEILING.MATH((N9-M9-(MEDIAN(N9,"13:00","12:00")-MEDIAN(M9,"13:00","12:00"))-(MEDIAN(N9,"16:30","16:00")-MEDIAN(M9,"16:30","16:00"))),"0:30")*24)
A10: 2AA40003 / GT Formula 엔진오일 PAO 5W30 | 1L | B10: =IFERROR(__xludf.DUMMYFUNCTION("IFERROR(REGEXEXTRACT(A10,""\| (.+)$""),"""") "),"1L") -> 1L | C10: 876 | D10: 73 | E10: 3 | F10: 3 | G10: =IF(OR(E10="",F10=""),"",E10*F10) -> 9 | H10: 자동 | J10: 엔진오일 | K10: =IF(OR(E10="",F10=""),"",(E10*F10)/7.5) -> 1.2 | L10: 정화순, 윤상모, 김세중 | O10: =IF(OR(M10="",N10=""),"",_xlfn.CEILING.MATH((N10-M10-(MEDIAN(N10,"13:00","12:00")-MEDIAN(M10,"13:00","12:00"))-(MEDIAN(N10,"16:30","16:00")-MEDIAN(M10,"16:30","16:00"))),"0:30")*24)
B11: =IFERROR(__xludf.DUMMYFUNCTION("IFERROR(REGEXEXTRACT(A11,""\| (.+)$""),"""") "),"") | G11: =IF(OR(E11="",F11=""),"",E11*F11) | K11: =IF(OR(E11="",F11=""),"",(E11*F11)/7.5) | L11: 정화순, 윤상모, 김세중 | O11: =IF(OR(M11="",N11=""),"",_xlfn.CEILING.MATH((N11-M11-(MEDIAN(N11,"13:00","12:00")-MEDIAN(M11,"13:00","12:00"))-(MEDIAN(N11,"16:30","16:00")-MEDIAN(M11,"16:30","16:00"))),"0:30")*24)
B12: =IFERROR(__xludf.DUMMYFUNCTION("IFERROR(REGEXEXTRACT(A12,""\| (.+)$""),"""") "),"") | G12: =IF(OR(E12="",F12=""),"",E12*F12) | K12: =IF(OR(E12="",F12=""),"",(E12*F12)/7.5) | O12: =IF(OR(M12="",N12=""),"",_xlfn.CEILING.MATH((N12-M12-(MEDIAN(N12,"13:00","12:00")-MEDIAN(M12,"13:00","12:00"))-(MEDIAN(N12,"16:30","16:00")-MEDIAN(M12,"16:30","16:00"))),"0:30")*24)
B13: =IFERROR(__xludf.DUMMYFUNCTION("IFERROR(REGEXEXTRACT(A13,""\| (.+)$""),"""") "),"") | G13: =IF(OR(E13="",F13=""),"",E13*F13) | K13: =IF(OR(E13="",F13=""),"",(E13*F13)/7.5) | O13: =IF(OR(M13="",N13=""),"",_xlfn.CEILING.MATH((N13-M13-(MEDIAN(N13,"13:00","12:00")-MEDIAN(M13,"13:00","12:00"))-(MEDIAN(N13,"16:30","16:00")-MEDIAN(M13,"16:30","16:00"))),"0:30")*24)
B14: =IFERROR(__xludf.DUMMYFUNCTION("IFERROR(REGEXEXTRACT(A14,""\| (.+)$""),"""") "),"") | G14: =IF(OR(E14="",F14=""),"",E14*F14) | K14: =IF(OR(E14="",F14=""),"",(E14*F14)/7.5) | O14: =IF(OR(M14="",N14=""),"",_xlfn.CEILING.MATH((N14-M14-(MEDIAN(N14,"13:00","12:00")-MEDIAN(M14,"13:00","12:00"))-(MEDIAN(N14,"16:30","16:00")-MEDIAN(M14,"16:30","16:00"))),"0:30")*24)
B15: =IFERROR(__xludf.DUMMYFUNCTION("IFERROR(REGEXEXTRACT(A15,""\| (.+)$""),"""") "),"") | G15: =IF(OR(E15="",F15=""),"",E15*F15) | K15: =IF(OR(E15="",F15=""),"",(E15*F15)/7.5) | O15: =IF(OR(M15="",N15=""),"",_xlfn.CEILING.MATH((N15-M15-(MEDIAN(N15,"13:00","12:00")-MEDIAN(M15,"13:00","12:00"))-(MEDIAN(N15,"16:30","16:00")-MEDIAN(M15,"16:30","16:00"))),"0:30")*24)
B16: =IFERROR(__xludf.DUMMYFUNCTION("IFERROR(REGEXEXTRACT(A16,""\| (.+)$""),"""") "),"") | G16: =IF(OR(E16="",F16=""),"",E16*F16) | K16: =IF(OR(E16="",F16=""),"",(E16*F16)/7.5) | O16: =IF(OR(M16="",N16=""),"",_xlfn.CEILING.MATH((N16-M16-(MEDIAN(N16,"13:00","12:00")-MEDIAN(M16,"13:00","12:00"))-(MEDIAN(N16,"16:30","16:00")-MEDIAN(M16,"16:30","16:00"))),"0:30")*24)
B17: =IFERROR(__xludf.DUMMYFUNCTION("IFERROR(REGEXEXTRACT(A17,""\| (.+)$""),"""") "),"") | G17: =IF(OR(E17="",F17=""),"",E17*F17) | K17: =IF(OR(E17="",F17=""),"",(E17*F17)/7.5)
A18: 총수량 | C18: =SUM(C8:C17) -> 2316 | D18: =SUM(D8:D17) -> 193 | E18: =SUM(E8:E17) -> 6.5 | F18: =IFERROR(G18/E18, 0) -> 3 | G18: =SUM(G8:G17) -> 19.5 | K18: =SUM(K8:K14) -> 2.6
A20: ■ 라벨부착작업
A21: 품명 | B21: 용량/규격 | C21: 수량 | D21: 박스 | E21: 작업시간 | F21: 투입인원수 | G21: 총작업시간 | H21: LINE/구분 | I21: 비고(LOT/NO) | J21: 카테고리 | K21: 작업공수 | M21: 시작 | N21: 끝 | O21: 작업시간
A22: OO020695 / 넘버원 5w30 가솔린 디젤 합성엔진오일 1L 라벨 | 90*140 | B22: =IFERROR(__xludf.DUMMYFUNCTION("IFERROR(REGEXEXTRACT(A22,""\| (.+)$""),"""") "),"90*140") -> 90*140 | C22: 60 | E22: 0.5 | F22: 3 | G22: =IF(OR(E22="",F22=""),"",E22*F22) -> 1.5 | H22: 수동 | J22: 엔진오일 | K22: =IF(OR(E22="",F22=""),"",(E22*F22)/7.5) -> 0.2 | L22: 정화순, 윤상모, 김백철, 김세중 | O22: =IF(OR(M22="",N22=""),"",_xlfn.CEILING.MATH((N22-M22-(MEDIAN(N22,"13:00","12:00")-MEDIAN(M22,"13:00","12:00"))-(MEDIAN(N22,"16:30","16:00")-MEDIAN(M22,"16:30","16:00"))),"0:30")*24)
B23: =IFERROR(__xludf.DUMMYFUNCTION("IFERROR(REGEXEXTRACT(A23,""\| (.+)$""),"""") "),"") | G23: =IF(OR(E23="",F23=""),"",E23*F23) | K23: =IF(OR(E23="",F23=""),"",(E23*F23)/7.5) | O23: =IF(OR(M23="",N23=""),"",_xlfn.CEILING.MATH((N23-M23-(MEDIAN(N23,"13:00","12:00")-MEDIAN(M23,"13:00","12:00"))-(MEDIAN(N23,"16:30","16:00")-MEDIAN(M23,"16:30","16:00"))),"0:30")*24)
B24: =IFERROR(__xludf.DUMMYFUNCTION("IFERROR(REGEXEXTRACT(A24,""\| (.+)$""),"""") "),"") | G24: =IF(OR(E24="",F24=""),"",E24*F24) | K24: =IF(OR(E24="",F24=""),"",(E24*F24)/7.5) | O24: =IF(OR(M24="",N24=""),"",_xlfn.CEILING.MATH((N24-M24-(MEDIAN(N24,"13:00","12:00")-MEDIAN(M24,"13:00","12:00"))-(MEDIAN(N24,"16:30","16:00")-MEDIAN(M24,"16:30","16:00"))),"0:30")*24)
B25: =IFERROR(__xludf.DUMMYFUNCTION("IFERROR(REGEXEXTRACT(A25,""\| (.+)$""),"""") "),"") | G25: =IF(OR(E25="",F25=""),"",E25*F25) | K25: =IF(OR(E25="",F25=""),"",(E25*F25)/7.5) | O25: =IF(OR(M25="",N25=""),"",_xlfn.CEILING.MATH((N25-M25-(MEDIAN(N25,"13:00","12:00")-MEDIAN(M25,"13:00","12:00"))-(MEDIAN(N25,"16:30","16:00")-MEDIAN(M25,"16:30","16:00"))),"0:30")*24)
B26: =IFERROR(__xludf.DUMMYFUNCTION("IFERROR(REGEXEXTRACT(A26,""\| (.+)$""),"""") "),"") | G26: =IF(OR(E26="",F26=""),"",E26*F26) | K26: =IF(OR(E26="",F26=""),"",(E26*F26)/7.5) | O26: =IF(OR(M26="",N26=""),"",_xlfn.CEILING.MATH((N26-M26-(MEDIAN(N26,"13:00","12:00")-MEDIAN(M26,"13:00","12:00"))-(MEDIAN(N26,"16:30","16:00")-MEDIAN(M26,"16:30","16:00"))),"0:30")*24)
A27: 총수량 | C27: =SUM(C22:C26) -> 60 | D27: =SUM(D22:D26) -> 0 | E27: =SUM(E22:E26) -> 0.5 | F27: =IFERROR(G27/E27, 0) -> 3 | G27: =SUM(G22:G26) -> 1.5 | K27: =SUM(K22:K26) -> 0.2
A29: ■ 원액생산작업
A30: 품명 | B30: 용량/규격 | C30: 수량 | D30: 포장 | E30: 작업시간 | F30: 투입인원수 | G30: 총작업시간 | H30: LINE/구분 | I30: 비고(LOT/NO) | J30: 카테고리 | K30: 작업공수
A31: 5AA40008 / ODM 5W30 | B31: L | C31: 1694 | D31: TOTE | E31: 3 | F31: 1 | G31: =IF(OR(E31="",F31=""),"",E31*F31) -> 3 | H31: BT-2 | I31: G260917-021 | J31: 엔진오일 | K31: =IF(OR(E31="",F31=""),"",(E31*F31)/7.5) -> 0.4 | L31: 윤경용
G32: =IF(OR(E32="",F32=""),"",E32*F32) | K32: =IF(OR(E32="",F32=""),"",(E32*F32)/7.5)
G33: =IF(OR(E33="",F33=""),"",E33*F33) | K33: =IF(OR(E33="",F33=""),"",(E33*F33)/7.5)
G34: =IF(OR(E34="",F34=""),"",E34*F34) | K34: =IF(OR(E34="",F34=""),"",(E34*F34)/7.5)
G35: =IF(OR(E35="",F35=""),"",E35*F35) | K35: =IF(OR(E35="",F35=""),"",(E35*F35)/7.5)
A36: 총수량 | C36: =SUM(C31:C35) -> 1694 | E36: =SUM(E28:E35) -> 3 | F36: =IFERROR(G36/E36, 0) -> 1.5 | G36: =SUM(G26:G35) -> 4.5 | K36: =SUM(K31:K35) -> 0.4
A38: ■ 출고내역
A39: 품명 | B39: 용량/규격 | C39: 수량 | D39: 박스 | E39: 거래처 | G39: 확인자 | H39: 운송 | I39: 비고
A40: 1AA40005 / 썸오일 100% 합성엔진오일 5W30 | 1L | B40: =IFERROR(__xludf.DUMMYFUNCTION("IFERROR(REGEXEXTRACT(A40,""\| (.+)$""),"""") "),"1L") -> 1L | C40: 720 | D40: 60 | E40: 현대카프라자 | G40: 윤경용 | H40: 택배
B41: =IFERROR(__xludf.DUMMYFUNCTION("IFERROR(REGEXEXTRACT(A41,""\| (.+)$""),"""") "),"")
B42: =IFERROR(__xludf.DUMMYFUNCTION("IFERROR(REGEXEXTRACT(A42,""\| (.+)$""),"""") "),"")
B43: =IFERROR(__xludf.DUMMYFUNCTION("IFERROR(REGEXEXTRACT(A43,""\| (.+)$""),"""") "),"")
B47: =IFERROR(__xludf.DUMMYFUNCTION("IFERROR(REGEXEXTRACT(A47,""\| (.+)$""),"""") "),"")
A48: 총수량 | C48: =SUM(C40:C47) -> 720
A50: ■ 입고내역
A51: 품명 | B51: 용량/규격 | C51: 수량 | D51: 박스 | E51: 거래처 | G51: 확인자 | H51: 비고
A52: GT 5W30 1L 용기 | C52: 5000 | D52: 46 | E52: 대성케미칼 | G52: 윤경용 | H52: 운송료: 131,000 VAT포함
A53: 버진캡 | C53: 6000 | D53: 5 | E53: 대성케미칼 | G53: 윤경용
A54: PB 950 | B54: 185KG | C54: 1 | D54: D/M | E54: 새한실리켐 | G54: 윤경용
A65: 총수량 | C65: =SUM(C52:C64) -> 11001
A67: ■ 이동제품
A68: 품명 | B68: 용량/규격 | C68: 단위 | D68: 수량 | E68: 박스 | F68: 차량 | G68: 운반자 | H68: 비고
A69: 미라텍 플러스 5W30 | B69: 1L | C69: EA | D69: 720 | E69: 60 | F69: 1T | G69: 김희철 | H69: 김포 -> 본사
A70: 프로텍 브레이크 DOT4+LV | B70: 1L | C70: EA | D70: 720 | E70: 60 | F70: 1T | G70: 김희철 | H70: 김포 -> 본사
A89: 총수량 | C89: =SUM(C69:C80) -> 0 | D89: =SUM(D69:D80) -> 1440
A91: ■ 택배출고현황 | E91: ■ 기타
A92: 구분 | B92: 건수 | C92: 비고
A93: 경동택배 | B93: 1
A94: 용차
A95: 납품
A98: 총수량 | B98: =SUM(B93:B97) -> 1
A100: ■ 기타업무
A101: 업무명 | B101: 용량/규격 | C101: 수량 | D101: 단위 | E101: 작업시간 | F101: 투입인원수 | G101: 총작업시간 | H101: 비고 | K101: 작업공수
A102: 부자재 사용량 이카운트 전산 입력 및 GWS 최신화 | E102: 0.4 | F102: 1 | G102: =IF(OR(E102="",F102=""),"",E102*F102) -> 0.4 | H102: 최용화 | K102: =IF(OR(E102="",F102=""),"",(E102*F102)/7.5) -> 0.053333333
A103: 완제품 입,출고 이카운트 전산 입력 및 GWS 최신화 | E103: 0.4 | F103: 1 | G103: =IF(OR(E103="",F103=""),"",E103*F103) -> 0.4 | H103: 최용화 | K103: =IF(OR(E103="",F103=""),"",(E103*F103)/7.5) -> 0.053333333
A104: 업무일지 작성 및 서류 정리 | E104: 0.5 | F104: 1 | G104: =IF(OR(E104="",F104=""),"",E104*F104) -> 0.5 | H104: 최용화 | K104: =IF(OR(E104="",F104=""),"",(E104*F104)/7.5) -> 0.066666667
A105: 김포2공장 점검 / 환기 | E105: 0.5 | F105: 1 | G105: =IF(OR(E105="",F105=""),"",E105*F105) -> 0.5 | H105: 최용화 | K105: =IF(OR(E105="",F105=""),"",(E105*F105)/7.5) -> 0.066666667
A106: 물류 이동 38파이 검정캡 2공장->1공장 | E106: 0.5 | F106: 1 | G106: =IF(OR(E106="",F106=""),"",E106*F106) -> 0.5 | H106: 최용화 | K106: =IF(OR(E106="",F106=""),"",(E106*F106)/7.5) -> 0.066666667
A107: 대림기업 실사재고 웹앱 데이터 입력 | E107: 3 | F107: 1 | G107: =IF(OR(E107="",F107=""),"",E107*F107) -> 3 | H107: 최용화 | K107: =IF(OR(E107="",F107=""),"",(E107*F107)/7.5) -> 0.4
A108: 물류 이동 미라텍 플러스 5W30 용기 1공장->2공장 | E108: 0.5 | F108: 1 | G108: =IF(OR(E108="",F108=""),"",E108*F108) -> 0.5 | H108: 최용화 | K108: =IF(OR(E108="",F108=""),"",(E108*F108)/7.5) -> 0.066666667
A109: 본사 이동 물품 준비 및 상,하차 | E109: 0.5 | F109: 1 | G109: =IF(OR(E109="",F109=""),"",E109*F109) -> 0.5 | H109: 최용화 | K109: =IF(OR(E109="",F109=""),"",(E109*F109)/7.5) -> 0.066666667
A110: 김희철 소장 소개 전기업체 견적 미팅 | E110: 1.5 | F110: 1 | G110: =IF(OR(E110="",F110=""),"",E110*F110) -> 1.5 | H110: 최용화 | K110: =IF(OR(E110="",F110=""),"",(E110*F110)/7.5) -> 0.2
G111: =IF(OR(E111="",F111=""),"",E111*F111) | K111: =IF(OR(E111="",F111=""),"",(E111*F111)/7.5)
G112: =IF(OR(E112="",F112=""),"",E112*F112) | K112: =IF(OR(E112="",F112=""),"",(E112*F112)/7.5)
G113: =IF(OR(E113="",F113=""),"",E113*F113) | K113: =IF(OR(E113="",F113=""),"",(E113*F113)/7.5)
G114: =IF(OR(E114="",F114=""),"",E114*F114) | K114: =IF(OR(E114="",F114=""),"",(E114*F114)/7.5)
G115: =IF(OR(E115="",F115=""),"",E115*F115) | K115: =IF(OR(E115="",F115=""),"",(E115*F115)/7.5)
G116: =IF(OR(E116="",F116=""),"",E116*F116) | K116: =IF(OR(E116="",F116=""),"",(E116*F116)/7.5)
G117: =IF(OR(E117="",F117=""),"",E117*F117) | K117: =IF(OR(E117="",F117=""),"",(E117*F117)/7.5)
G118: =IF(OR(E118="",F118=""),"",E118*F118) | K118: =IF(OR(E118="",F118=""),"",(E118*F118)/7.5)
G119: =IF(OR(E119="",F119=""),"",E119*F119) | K119: =IF(OR(E119="",F119=""),"",(E119*F119)/7.5)
G120: =IF(OR(E120="",F120=""),"",E120*F120) | K120: =IF(OR(E120="",F120=""),"",(E120*F120)/7.5)
G121: =IF(OR(E121="",F121=""),"",E121*F121) | K121: =IF(OR(E121="",F121=""),"",(E121*F121)/7.5)
G122: =IF(OR(E122="",F122=""),"",E122*F122) | K122: =IF(OR(E122="",F122=""),"",(E122*F122)/7.5)
A123: 총수량 | C123: =SUM(C102:C105) -> 0 | D123: =SUM(D102:D105) -> 0 | E123: =SUM(E102:E122) -> 7.8 | F123: =IFERROR(G123/E123, 0) -> 1 | G123: =SUM(G102:G122) -> 7.8 | K123: =SUM(K102:K122) -> 1.04

Sheet 0916
I1: 담당 | J1: 검토 | K1: 확인
A2: (김포)생산공급망 업무일지 | I2: 최용화 | J2: 윤경용 | N2: 초록색상 지우기와 기재 금지
A4: 날짜 | B4: 46281
A6: ■ 제품포장작업
A7: 품명 | B7: 용량/규격 | C7: 수량 | D7: 박스 | E7: 작업시간 | F7: 투입인원수 | G7: 총작업시간 | H7: LINE/구분 | I7: 비고(LOT/NO) | J7: 카테고리 | K7: 작업공수 | L7: 작업자 | M7: 시작 | N7: 끝 | O7: 작업시간
A8: 2AA40003 / GT Formula 엔진오일 PAO 5W30 | 1L | B8: =IFERROR(__xludf.DUMMYFUNCTION("IFERROR(REGEXEXTRACT(A8,""\| (.+)$""),"""") "),"1L") -> 1L | C8: 204 | D8: 17 | E8: 1 | F8: 4 | G8: =IF(OR(E8="",F8=""),"",E8*F8) -> 4 | H8: 자동 | J8: 엔진오일 | K8: =IF(OR(E8="",F8=""),"",(E8*F8)/7.5) -> 0.53333333 | L8: 정화순, 윤상모, 김백철, 김세중 | O8: =IF(OR(M8="",N8=""),"",_xlfn.CEILING.MATH((N8-M8-(MEDIAN(N8,"13:00","12:00")-MEDIAN(M8,"13:00","12:00"))-(MEDIAN(N8,"16:30","16:00")-MEDIAN(M8,"16:30","16:00"))),"0:30")*24)
A9: 1AA40015 / 미라텍탑 PAO 100% 합성엔진오일 5W30 | 1L | B9: =IFERROR(__xludf.DUMMYFUNCTION("IFERROR(REGEXEXTRACT(A9,""\| (.+)$""),"""") "),"1L") -> 1L | C9: 720 | D9: 60 | E9: 2.5 | F9: 3 | G9: =IF(OR(E9="",F9=""),"",E9*F9) -> 7.5 | H9: 자동 | I9: 260916 | J9: 엔진오일 | K9: =IF(OR(E9="",F9=""),"",(E9*F9)/7.5) -> 1 | L9: 정화순, 윤상모, 김세중 | O9: =IF(OR(M9="",N9=""),"",_xlfn.CEILING.MATH((N9-M9-(MEDIAN(N9,"13:00","12:00")-MEDIAN(M9,"13:00","12:00"))-(MEDIAN(N9,"16:30","16:00")-MEDIAN(M9,"16:30","16:00"))),"0:30")*24)
A10: 1AA40013 / 미라텍 플러스 100% 합성엔진오일 5W30 | 1L | B10: =IFERROR(__xludf.DUMMYFUNCTION("IFERROR(REGEXEXTRACT(A10,""\| (.+)$""),"""") "),"1L") -> 1L | C10: 720 | D10: 60 | E10: 1.5 | F10: 3 | G10: =IF(OR(E10="",F10=""),"",E10*F10) -> 4.5 | H10: 자동 | I10: 260916 | J10: 엔진오일 | K10: =IF(OR(E10="",F10=""),"",(E10*F10)/7.5) -> 0.6 | L10: 정화순, 윤상모, 김세중 | O10: =IF(OR(M10="",N10=""),"",_xlfn.CEILING.MATH((N10-M10-(MEDIAN(N10,"13:00","12:00")-MEDIAN(M10,"13:00","12:00"))-(MEDIAN(N10,"16:30","16:00")-MEDIAN(M10,"16:30","16:00"))),"0:30")*24)
A11: 2AA40003 / GT Formula 엔진오일 PAO 5W30 | 1L | B11: =IFERROR(__xludf.DUMMYFUNCTION("IFERROR(REGEXEXTRACT(A11,""\| (.+)$""),"""") "),"1L") -> 1L | C11: 648 | D11: 54 | E11: 2 | F11: 3 | G11: =IF(OR(E11="",F11=""),"",E11*F11) -> 6 | H11: 자동 | J11: 엔진오일 | K11: =IF(OR(E11="",F11=""),"",(E11*F11)/7.5) -> 0.8 | L11: 정화순, 윤상모, 김세중 | O11: =IF(OR(M11="",N11=""),"",_xlfn.CEILING.MATH((N11-M11-(MEDIAN(N11,"13:00","12:00")-MEDIAN(M11,"13:00","12:00"))-(MEDIAN(N11,"16:30","16:00")-MEDIAN(M11,"16:30","16:00"))),"0:30")*24)
B12: =IFERROR(__xludf.DUMMYFUNCTION("IFERROR(REGEXEXTRACT(A12,""\| (.+)$""),"""") "),"") | G12: =IF(OR(E12="",F12=""),"",E12*F12) | K12: =IF(OR(E12="",F12=""),"",(E12*F12)/7.5) | O12: =IF(OR(M12="",N12=""),"",_xlfn.CEILING.MATH((N12-M12-(MEDIAN(N12,"13:00","12:00")-MEDIAN(M12,"13:00","12:00"))-(MEDIAN(N12,"16:30","16:00")-MEDIAN(M12,"16:30","16:00"))),"0:30")*24)
B13: =IFERROR(__xludf.DUMMYFUNCTION("IFERROR(REGEXEXTRACT(A13,""\| (.+)$""),"""") "),"") | G13: =IF(OR(E13="",F13=""),"",E13*F13) | K13: =IF(OR(E13="",F13=""),"",(E13*F13)/7.5) | O13: =IF(OR(M13="",N13=""),"",_xlfn.CEILING.MATH((N13-M13-(MEDIAN(N13,"13:00","12:00")-MEDIAN(M13,"13:00","12:00"))-(MEDIAN(N13,"16:30","16:00")-MEDIAN(M13,"16:30","16:00"))),"0:30")*24)
B14: =IFERROR(__xludf.DUMMYFUNCTION("IFERROR(REGEXEXTRACT(A14,""\| (.+)$""),"""") "),"") | G14: =IF(OR(E14="",F14=""),"",E14*F14) | K14: =IF(OR(E14="",F14=""),"",(E14*F14)/7.5) | O14: =IF(OR(M14="",N14=""),"",_xlfn.CEILING.MATH((N14-M14-(MEDIAN(N14,"13:00","12:00")-MEDIAN(M14,"13:00","12:00"))-(MEDIAN(N14,"16:30","16:00")-MEDIAN(M14,"16:30","16:00"))),"0:30")*24)
B15: =IFERROR(__xludf.DUMMYFUNCTION("IFERROR(REGEXEXTRACT(A15,""\| (.+)$""),"""") "),"") | G15: =IF(OR(E15="",F15=""),"",E15*F15) | K15: =IF(OR(E15="",F15=""),"",(E15*F15)/7.5) | O15: =IF(OR(M15="",N15=""),"",_xlfn.CEILING.MATH((N15-M15-(MEDIAN(N15,"13:00","12:00")-MEDIAN(M15,"13:00","12:00"))-(MEDIAN(N15,"16:30","16:00")-MEDIAN(M15,"16:30","16:00"))),"0:30")*24)
B16: =IFERROR(__xludf.DUMMYFUNCTION("IFERROR(REGEXEXTRACT(A16,""\| (.+)$""),"""") "),"") | G16: =IF(OR(E16="",F16=""),"",E16*F16) | K16: =IF(OR(E16="",F16=""),"",(E16*F16)/7.5) | O16: =IF(OR(M16="",N16=""),"",_xlfn.CEILING.MATH((N16-M16-(MEDIAN(N16,"13:00","12:00")-MEDIAN(M16,"13:00","12:00"))-(MEDIAN(N16,"16:30","16:00")-MEDIAN(M16,"16:30","16:00"))),"0:30")*24)
B17: =IFERROR(__xludf.DUMMYFUNCTION("IFERROR(REGEXEXTRACT(A17,""\| (.+)$""),"""") "),"") | G17: =IF(OR(E17="",F17=""),"",E17*F17) | K17: =IF(OR(E17="",F17=""),"",(E17*F17)/7.5)
A18: 총수량 | C18: =SUM(C8:C17) -> 2292 | D18: =SUM(D8:D17) -> 191 | E18: =SUM(E8:E17) -> 7 | F18: =IFERROR(G18/E18, 0) -> 3.1428571 | G18: =SUM(G8:G17) -> 22 | K18: =SUM(K8:K14) -> 2.9333333
A20: ■ 라벨부착작업
A21: 품명 | B21: 용량/규격 | C21: 수량 | D21: 박스 | E21: 작업시간 | F21: 투입인원수 | G21: 총작업시간 | H21: LINE/구분 | I21: 비고(LOT/NO) | J21: 카테고리 | K21: 작업공수 | M21: 시작 | N21: 끝 | O21: 작업시간
A22: 2AA20004 / GT 엔진오일 PAO 5W-30 1L 라벨 | 92*110 | B22: =IFERROR(__xludf.DUMMYFUNCTION("IFERROR(REGEXEXTRACT(A22,""\| (.+)$""),"""") "),"92*110") -> 92*110 | C22: 120 | E22: 0.5 | F22: 4 | G22: =IF(OR(E22="",F22=""),"",E22*F22) -> 2 | H22: 수동 | J22: 엔진오일 | K22: =IF(OR(E22="",F22=""),"",(E22*F22)/7.5) -> 0.26666667 | L22: 정화순, 윤상모, 김백철, 김세중 | O22: =IF(OR(M22="",N22=""),"",_xlfn.CEILING.MATH((N22-M22-(MEDIAN(N22,"13:00","12:00")-MEDIAN(M22,"13:00","12:00"))-(MEDIAN(N22,"16:30","16:00")-MEDIAN(M22,"16:30","16:00"))),"0:30")*24)
B23: =IFERROR(__xludf.DUMMYFUNCTION("IFERROR(REGEXEXTRACT(A23,""\| (.+)$""),"""") "),"") | G23: =IF(OR(E23="",F23=""),"",E23*F23) | K23: =IF(OR(E23="",F23=""),"",(E23*F23)/7.5) | O23: =IF(OR(M23="",N23=""),"",_xlfn.CEILING.MATH((N23-M23-(MEDIAN(N23,"13:00","12:00")-MEDIAN(M23,"13:00","12:00"))-(MEDIAN(N23,"16:30","16:00")-MEDIAN(M23,"16:30","16:00"))),"0:30")*24)
B24: =IFERROR(__xludf.DUMMYFUNCTION("IFERROR(REGEXEXTRACT(A24,""\| (.+)$""),"""") "),"") | G24: =IF(OR(E24="",F24=""),"",E24*F24) | K24: =IF(OR(E24="",F24=""),"",(E24*F24)/7.5) | O24: =IF(OR(M24="",N24=""),"",_xlfn.CEILING.MATH((N24-M24-(MEDIAN(N24,"13:00","12:00")-MEDIAN(M24,"13:00","12:00"))-(MEDIAN(N24,"16:30","16:00")-MEDIAN(M24,"16:30","16:00"))),"0:30")*24)
B25: =IFERROR(__xludf.DUMMYFUNCTION("IFERROR(REGEXEXTRACT(A25,""\| (.+)$""),"""") "),"") | G25: =IF(OR(E25="",F25=""),"",E25*F25) | K25: =IF(OR(E25="",F25=""),"",(E25*F25)/7.5) | O25: =IF(OR(M25="",N25=""),"",_xlfn.CEILING.MATH((N25-M25-(MEDIAN(N25,"13:00","12:00")-MEDIAN(M25,"13:00","12:00"))-(MEDIAN(N25,"16:30","16:00")-MEDIAN(M25,"16:30","16:00"))),"0:30")*24)
B26: =IFERROR(__xludf.DUMMYFUNCTION("IFERROR(REGEXEXTRACT(A26,""\| (.+)$""),"""") "),"") | G26: =IF(OR(E26="",F26=""),"",E26*F26) | K26: =IF(OR(E26="",F26=""),"",(E26*F26)/7.5) | O26: =IF(OR(M26="",N26=""),"",_xlfn.CEILING.MATH((N26-M26-(MEDIAN(N26,"13:00","12:00")-MEDIAN(M26,"13:00","12:00"))-(MEDIAN(N26,"16:30","16:00")-MEDIAN(M26,"16:30","16:00"))),"0:30")*24)
A27: 총수량 | C27: =SUM(C22:C26) -> 120 | D27: =SUM(D22:D26) -> 0 | E27: =SUM(E22:E26) -> 0.5 | F27: =IFERROR(G27/E27, 0) -> 4 | G27: =SUM(G22:G26) -> 2 | K27: =SUM(K22:K26) -> 0.26666667
A29: ■ 원액생산작업
A30: 품명 | B30: 용량/규격 | C30: 수량 | D30: 포장 | E30: 작업시간 | F30: 투입인원수 | G30: 총작업시간 | H30: LINE/구분 | I30: 비고(LOT/NO) | J30: 카테고리 | K30: 작업공수
A31: 5AJ40015 / 유압작동유 AW32 | B31: L | C31: 3298 | D31: TOTE | E31: 3 | F31: 1 | G31: =IF(OR(E31="",F31=""),"",E31*F31) -> 3 | H31: BT-2 | I31: G260916-021 | J31: 기타 | K31: =IF(OR(E31="",F31=""),"",(E31*F31)/7.5) -> 0.4 | L31: 김백철
A32: 프리미엄 브레이크액 DOT-4+ (시생산용) | B32: L | C32: 600 | D32: DM | E32: 3 | F32: 1 | G32: =IF(OR(E32="",F32=""),"",E32*F32) -> 3 | H32: BT-6 | I32: G260916-061 | J32: 브레이크액 | K32: =IF(OR(E32="",F32=""),"",(E32*F32)/7.5) -> 0.4 | L32: 윤경용
G33: =IF(OR(E33="",F33=""),"",E33*F33) | K33: =IF(OR(E33="",F33=""),"",(E33*F33)/7.5)
G34: =IF(OR(E34="",F34=""),"",E34*F34) | K34: =IF(OR(E34="",F34=""),"",(E34*F34)/7.5)
G35: =IF(OR(E35="",F35=""),"",E35*F35) | K35: =IF(OR(E35="",F35=""),"",(E35*F35)/7.5)
A36: 총수량 | C36: =SUM(C31:C35) -> 3898 | E36: =SUM(E28:E35) -> 6 | F36: =IFERROR(G36/E36, 0) -> 1.3333333 | G36: =SUM(G26:G35) -> 8 | K36: =SUM(K31:K35) -> 0.8
A38: ■ 출고내역
A39: 품명 | B39: 용량/규격 | C39: 수량 | D39: 박스 | E39: 거래처 | G39: 확인자 | H39: 운송 | I39: 비고
A40: 3AA40001 / CTWD 100%합성엔진오일 0W20 | 1L | B40: =IFERROR(__xludf.DUMMYFUNCTION("IFERROR(REGEXEXTRACT(A40,""\| (.+)$""),"""") "),"1L") -> 1L | C40: 2004 | D40: 167 | E40: 베에프코리아 | G40: 윤경용 | H40: 용차 | I40: 운송료:319,000원 VAT포함
A41: 3AA40003 / CTWD 100%합성엔진오일 5W30 | 1L | B41: =IFERROR(__xludf.DUMMYFUNCTION("IFERROR(REGEXEXTRACT(A41,""\| (.+)$""),"""") "),"1L") -> 1L | C41: 2004 | D41: 167 | E41: 베에프코리아 | G41: 윤경용 | H41: 용차
B42: =IFERROR(__xludf.DUMMYFUNCTION("IFERROR(REGEXEXTRACT(A42,""\| (.+)$""),"""") "),"")
B43: =IFERROR(__xludf.DUMMYFUNCTION("IFERROR(REGEXEXTRACT(A43,""\| (.+)$""),"""") "),"")
B47: =IFERROR(__xludf.DUMMYFUNCTION("IFERROR(REGEXEXTRACT(A47,""\| (.+)$""),"""") "),"")
A48: 총수량 | C48: =SUM(C40:C47) -> 4008
A50: ■ 입고내역
A51: 품명 | B51: 용량/규격 | C51: 수량 | D51: 박스 | E51: 거래처 | G51: 확인자 | H51: 비고
A52: ADDTAC | B52: 17KG | C52: 5 | D52: PL | E52: 디엔엘코리아 | G52: 윤경용
A53: V8-800 | B53: 175KG | C53: 1 | D53: D/M | E53: 비엘에스케미칼 | G53: 윤경용
A65: 총수량 | C65: =SUM(C52:C64) -> 6
A67: ■ 이동제품
A68: 품명 | B68: 용량/규격 | C68: 단위 | D68: 수량 | E68: 박스 | F68: 차량 | G68: 운반자 | H68: 비고
A69: D-40 | B69: 600 | C69: L | D69: 1 | E69: TOTE | F69: 3.5T | G69: 박용채 | H69: 본사 -> 김포
A70: DR 5W40 | B70: 500 | C70: L | D70: 1 | E70: TOTE | F70: 3.5T | G70: 박용채 | H70: 본사 -> 김포
A71: ODM 5W30 PAO | B71: 80L | C71: L | D71: 1 | E71: TOTE | F71: 3.5T | G71: 박용채 | H71: 본사 -> 김포
A72: 크린텍 방청윤활제 | B72: 0.36 | C72: EA | D72: 2640 | E72: 132 | F72: 3.5T | G72: 박용채 | H72: 김포 -> 본사
A73: 수분제거,동결방지제 | B73: 550 | C73: L | D73: 1 | E73: TOTE | F73: 3.5T | G73: 박용채 | H73: 김포 -> 본사
A74: D-60 | B74: 1000 | C74: L | D74: 2 | E74: TOTE | F74: 3.5T | G74: 박용채 | H74: 김포 -> 본사
A75: A-1000 | B75: 200 | C75: L | D75: 4 | E75: D/M | F75: 3.5T | G75: 박용채 | H75: 김포 -> 본사
A76: 승진 검정 1L 용기 | B76: 1 | C76: EA | D76: 640 | E76: 16 | F76: 3.5T | G76: 박용채 | H76: 김포 -> 본사
A77: 프로텍 브레이크 DOT4+LV | B77: 1 | C77: EA | D77: 720 | E77: 60 | F77: 3.5T | G77: 박용채 | H77: 김포 -> 본사
A89: 총수량 | C89: =SUM(C69:C80) -> 0 | D89: =SUM(D69:D80) -> 4010
A91: ■ 택배출고현황 | E91: ■ 기타
A92: 구분 | B92: 건수 | C92: 비고
A93: 경동택배
A94: 용차 | B94: 1
A95: 납품
A98: 총수량 | B98: =SUM(B93:B97) -> 1
A100: ■ 기타업무
A101: 업무명 | B101: 용량/규격 | C101: 수량 | D101: 단위 | E101: 작업시간 | F101: 투입인원수 | G101: 총작업시간 | H101: 비고 | K101: 작업공수
A102: 부자재 사용량 이카운트 전산 입력 및 GWS 최신화 | E102: 0.4 | F102: 1 | G102: =IF(OR(E102="",F102=""),"",E102*F102) -> 0.4 | H102: 최용화 | K102: =IF(OR(E102="",F102=""),"",(E102*F102)/7.5) -> 0.053333333
A103: 완제품 입,출고 이카운트 전산 입력 및 GWS 최신화 | E103: 0.4 | F103: 1 | G103: =IF(OR(E103="",F103=""),"",E103*F103) -> 0.4 | H103: 최용화 | K103: =IF(OR(E103="",F103=""),"",(E103*F103)/7.5) -> 0.053333333
A104: 업무일지 작성 및 서류 정리 | E104: 0.5 | F104: 1 | G104: =IF(OR(E104="",F104=""),"",E104*F104) -> 0.5 | H104: 최용화 | K104: =IF(OR(E104="",F104=""),"",(E104*F104)/7.5) -> 0.066666667
A105: 김포2공장 점검 / 환기 | E105: 0.5 | F105: 1 | G105: =IF(OR(E105="",F105=""),"",E105*F105) -> 0.5 | H105: 최용화 | K105: =IF(OR(E105="",F105=""),"",(E105*F105)/7.5) -> 0.066666667
A106: (주)루멘트 미팅 / WMS 및 PDA 관련 미팅 | E106: 1.2 | F106: 1 | G106: =IF(OR(E106="",F106=""),"",E106*F106) -> 1.2 | H106: 최용화 | K106: =IF(OR(E106="",F106=""),"",(E106*F106)/7.5) -> 0.16
A107: 물류 이동 미라텍플러스 5W30 용기 2공장->1공장 | E107: 0.5 | F107: 1 | G107: =IF(OR(E107="",F107=""),"",E107*F107) -> 0.5 | H107: 최용화 | K107: =IF(OR(E107="",F107=""),"",(E107*F107)/7.5) -> 0.066666667
A108: A동 분전반 , 천막동 분적반 견적 비용 검토 | E108: 1.5 | F108: 1 | G108: =IF(OR(E108="",F108=""),"",E108*F108) -> 1.5 | H108: 최용화 | K108: =IF(OR(E108="",F108=""),"",(E108*F108)/7.5) -> 0.2
A109: 우원팩토리 전기 설비 협의 | E109: 2 | F109: 1 | G109: =IF(OR(E109="",F109=""),"",E109*F109) -> 2 | H109: 최용화 | K109: =IF(OR(E109="",F109=""),"",(E109*F109)/7.5) -> 0.26666667
A110: 본사 이동 물품 준비 및 상,하차 | E110: 0.8 | F110: 2 | G110: =IF(OR(E110="",F110=""),"",E110*F110) -> 1.6 | H110: 윤경용,김백철 | K110: =IF(OR(E110="",F110=""),"",(E110*F110)/7.5) -> 0.21333333
A111: 요청 품목 실재고 파악 | E111: 0.5 | F111: 1 | G111: =IF(OR(E111="",F111=""),"",E111*F111) -> 0.5 | H111: 최용화 | K111: =IF(OR(E111="",F111=""),"",(E111*F111)/7.5) -> 0.066666667
G112: =IF(OR(E112="",F112=""),"",E112*F112) | K112: =IF(OR(E112="",F112=""),"",(E112*F112)/7.5)
G113: =IF(OR(E113="",F113=""),"",E113*F113) | K113: =IF(OR(E113="",F113=""),"",(E113*F113)/7.5)
G114: =IF(OR(E114="",F114=""),"",E114*F114) | K114: =IF(OR(E114="",F114=""),"",(E114*F114)/7.5)
G115: =IF(OR(E115="",F115=""),"",E115*F115) | K115: =IF(OR(E115="",F115=""),"",(E115*F115)/7.5)
G116: =IF(OR(E116="",F116=""),"",E116*F116) | K116: =IF(OR(E116="",F116=""),"",(E116*F116)/7.5)
G117: =IF(OR(E117="",F117=""),"",E117*F117) | K117: =IF(OR(E117="",F117=""),"",(E117*F117)/7.5)
G118: =IF(OR(E118="",F118=""),"",E118*F118) | K118: =IF(OR(E118="",F118=""),"",(E118*F118)/7.5)
G119: =IF(OR(E119="",F119=""),"",E119*F119) | K119: =IF(OR(E119="",F119=""),"",(E119*F119)/7.5)
G120: =IF(OR(E120="",F120=""),"",E120*F120) | K120: =IF(OR(E120="",F120=""),"",(E120*F120)/7.5)
G121: =IF(OR(E121="",F121=""),"",E121*F121) | K121: =IF(OR(E121="",F121=""),"",(E121*F121)/7.5)
G122: =IF(OR(E122="",F122=""),"",E122*F122) | K122: =IF(OR(E122="",F122=""),"",(E122*F122)/7.5)
A123: 총수량 | C123: =SUM(C102:C105) -> 0 | D123: =SUM(D102:D105) -> 0 | E123: =SUM(E102:E122) -> 8.3 | F123: =IFERROR(G123/E123, 0) -> 1.0963855 | G123: =SUM(G102:G122) -> 9.1 | K123: =SUM(K102:K122) -> 1.2133333

Sheet 0915
I1: 담당 | J1: 검토 | K1: 확인
A2: (김포)생산공급망 업무일지 | I2: 최용화 | J2: 윤경용 | N2: 초록색상 지우기와 기재 금지
A4: 날짜 | B4: 46280
A6: ■ 제품포장작업
A7: 품명 | B7: 용량/규격 | C7: 수량 | D7: 박스 | E7: 작업시간 | F7: 투입인원수 | G7: 총작업시간 | H7: LINE/구분 | I7: 비고(LOT/NO) | J7: 카테고리 | K7: 작업공수 | L7: 작업자 | M7: 시작 | N7: 끝 | O7: 작업시간
A8: 1AH40002 / 프로텍 프리미엄 브레이크액 DOT-4+ LV | 1L | B8: =IFERROR(__xludf.DUMMYFUNCTION("IFERROR(REGEXEXTRACT(A8,""\| (.+)$""),"""") "),"1L") -> 1L | C8: 792 | D8: 66 | E8: 3 | F8: 2 | G8: =IF(OR(E8="",F8=""),"",E8*F8) -> 6 | H8: 수동3 | I8: 260914 | J8: 브레이크액 | K8: =IF(OR(E8="",F8=""),"",(E8*F8)/7.5) -> 0.8 | L8: 윤상모, 김세중 | O8: =IF(OR(M8="",N8=""),"",_xlfn.CEILING.MATH((N8-M8-(MEDIAN(N8,"13:00","12:00")-MEDIAN(M8,"13:00","12:00"))-(MEDIAN(N8,"16:30","16:00")-MEDIAN(M8,"16:30","16:00"))),"0:30")*24)
A9: 1AH40002 / 프로텍 프리미엄 브레이크액 DOT-4+ LV | 1L | B9: =IFERROR(__xludf.DUMMYFUNCTION("IFERROR(REGEXEXTRACT(A9,""\| (.+)$""),"""") "),"1L") -> 1L | C9: 1440 | D9: 120 | E9: 4.5 | F9: 3 | G9: =IF(OR(E9="",F9=""),"",E9*F9) -> 13.5 | H9: 수동3 | I9: 260914 | J9: 브레이크액 | K9: =IF(OR(E9="",F9=""),"",(E9*F9)/7.5) -> 1.8 | L9: 정화순, 윤상모, 김세중 | O9: =IF(OR(M9="",N9=""),"",_xlfn.CEILING.MATH((N9-M9-(MEDIAN(N9,"13:00","12:00")-MEDIAN(M9,"13:00","12:00"))-(MEDIAN(N9,"16:30","16:00")-MEDIAN(M9,"16:30","16:00"))),"0:30")*24)
B10: =IFERROR(__xludf.DUMMYFUNCTION("IFERROR(REGEXEXTRACT(A10,""\| (.+)$""),"""") "),"") | G10: =IF(OR(E10="",F10=""),"",E10*F10) | K10: =IF(OR(E10="",F10=""),"",(E10*F10)/7.5) | O10: =IF(OR(M10="",N10=""),"",_xlfn.CEILING.MATH((N10-M10-(MEDIAN(N10,"13:00","12:00")-MEDIAN(M10,"13:00","12:00"))-(MEDIAN(N10,"16:30","16:00")-MEDIAN(M10,"16:30","16:00"))),"0:30")*24)
B11: =IFERROR(__xludf.DUMMYFUNCTION("IFERROR(REGEXEXTRACT(A11,""\| (.+)$""),"""") "),"") | G11: =IF(OR(E11="",F11=""),"",E11*F11) | K11: =IF(OR(E11="",F11=""),"",(E11*F11)/7.5) | O11: =IF(OR(M11="",N11=""),"",_xlfn.CEILING.MATH((N11-M11-(MEDIAN(N11,"13:00","12:00")-MEDIAN(M11,"13:00","12:00"))-(MEDIAN(N11,"16:30","16:00")-MEDIAN(M11,"16:30","16:00"))),"0:30")*24)
B12: =IFERROR(__xludf.DUMMYFUNCTION("IFERROR(REGEXEXTRACT(A12,""\| (.+)$""),"""") "),"") | G12: =IF(OR(E12="",F12=""),"",E12*F12) | K12: =IF(OR(E12="",F12=""),"",(E12*F12)/7.5) | O12: =IF(OR(M12="",N12=""),"",_xlfn.CEILING.MATH((N12-M12-(MEDIAN(N12,"13:00","12:00")-MEDIAN(M12,"13:00","12:00"))-(MEDIAN(N12,"16:30","16:00")-MEDIAN(M12,"16:30","16:00"))),"0:30")*24)
B13: =IFERROR(__xludf.DUMMYFUNCTION("IFERROR(REGEXEXTRACT(A13,""\| (.+)$""),"""") "),"") | G13: =IF(OR(E13="",F13=""),"",E13*F13) | K13: =IF(OR(E13="",F13=""),"",(E13*F13)/7.5) | O13: =IF(OR(M13="",N13=""),"",_xlfn.CEILING.MATH((N13-M13-(MEDIAN(N13,"13:00","12:00")-MEDIAN(M13,"13:00","12:00"))-(MEDIAN(N13,"16:30","16:00")-MEDIAN(M13,"16:30","16:00"))),"0:30")*24)
B14: =IFERROR(__xludf.DUMMYFUNCTION("IFERROR(REGEXEXTRACT(A14,""\| (.+)$""),"""") "),"") | G14: =IF(OR(E14="",F14=""),"",E14*F14) | K14: =IF(OR(E14="",F14=""),"",(E14*F14)/7.5) | O14: =IF(OR(M14="",N14=""),"",_xlfn.CEILING.MATH((N14-M14-(MEDIAN(N14,"13:00","12:00")-MEDIAN(M14,"13:00","12:00"))-(MEDIAN(N14,"16:30","16:00")-MEDIAN(M14,"16:30","16:00"))),"0:30")*24)
B15: =IFERROR(__xludf.DUMMYFUNCTION("IFERROR(REGEXEXTRACT(A15,""\| (.+)$""),"""") "),"") | G15: =IF(OR(E15="",F15=""),"",E15*F15) | K15: =IF(OR(E15="",F15=""),"",(E15*F15)/7.5) | O15: =IF(OR(M15="",N15=""),"",_xlfn.CEILING.MATH((N15-M15-(MEDIAN(N15,"13:00","12:00")-MEDIAN(M15,"13:00","12:00"))-(MEDIAN(N15,"16:30","16:00")-MEDIAN(M15,"16:30","16:00"))),"0:30")*24)
B16: =IFERROR(__xludf.DUMMYFUNCTION("IFERROR(REGEXEXTRACT(A16,""\| (.+)$""),"""") "),"") | G16: =IF(OR(E16="",F16=""),"",E16*F16) | K16: =IF(OR(E16="",F16=""),"",(E16*F16)/7.5) | O16: =IF(OR(M16="",N16=""),"",_xlfn.CEILING.MATH((N16-M16-(MEDIAN(N16,"13:00","12:00")-MEDIAN(M16,"13:00","12:00"))-(MEDIAN(N16,"16:30","16:00")-MEDIAN(M16,"16:30","16:00"))),"0:30")*24)
B17: =IFERROR(__xludf.DUMMYFUNCTION("IFERROR(REGEXEXTRACT(A17,""\| (.+)$""),"""") "),"") | G17: =IF(OR(E17="",F17=""),"",E17*F17) | K17: =IF(OR(E17="",F17=""),"",(E17*F17)/7.5)
A18: 총수량 | C18: =SUM(C8:C17) -> 2232 | D18: =SUM(D8:D17) -> 186 | E18: =SUM(E8:E17) -> 7.5 | F18: =IFERROR(G18/E18, 0) -> 2.6 | G18: =SUM(G8:G17) -> 19.5 | K18: =SUM(K8:K14) -> 2.6
A20: ■ 라벨부착작업
A21: 품명 | B21: 용량/규격 | C21: 수량 | D21: 박스 | E21: 작업시간 | F21: 투입인원수 | G21: 총작업시간 | H21: LINE/구분 | I21: 비고(LOT/NO) | J21: 카테고리 | K21: 작업공수 | M21: 시작 | N21: 끝 | O21: 작업시간
A22: DA020669 / 프로텍 브레이크액 DOT-4+ LV 1L 라벨 | 81*111 | B22: =IFERROR(__xludf.DUMMYFUNCTION("IFERROR(REGEXEXTRACT(A22,""\| (.+)$""),"""") "),"81*111") -> 81*111 | C22: 1912 | E22: 3 | F22: 2 | G22: =IF(OR(E22="",F22=""),"",E22*F22) -> 6 | H22: 자동B | J22: 브레이크액 | K22: =IF(OR(E22="",F22=""),"",(E22*F22)/7.5) -> 0.8 | L22: 정화순, 김백철 | O22: =IF(OR(M22="",N22=""),"",_xlfn.CEILING.MATH((N22-M22-(MEDIAN(N22,"13:00","12:00")-MEDIAN(M22,"13:00","12:00"))-(MEDIAN(N22,"16:30","16:00")-MEDIAN(M22,"16:30","16:00"))),"0:30")*24)
A23: DO020101 / 썸오일 100% 합성엔진오일 10W-40 4L 라벨 리뉴얼 | 108*160 | B23: =IFERROR(__xludf.DUMMYFUNCTION("IFERROR(REGEXEXTRACT(A23,""\| (.+)$""),"""") "),"108*160") -> 108*160 | C23: 96 | E23: 1 | F23: 1 | G23: =IF(OR(E23="",F23=""),"",E23*F23) -> 1 | H23: 수동 | J23: 엔진오일 | K23: =IF(OR(E23="",F23=""),"",(E23*F23)/7.5) -> 0.13333333 | L23: 김백철 | O23: =IF(OR(M23="",N23=""),"",_xlfn.CEILING.MATH((N23-M23-(MEDIAN(N23,"13:00","12:00")-MEDIAN(M23,"13:00","12:00"))-(MEDIAN(N23,"16:30","16:00")-MEDIAN(M23,"16:30","16:00"))),"0:30")*24)
B24: =IFERROR(__xludf.DUMMYFUNCTION("IFERROR(REGEXEXTRACT(A24,""\| (.+)$""),"""") "),"") | G24: =IF(OR(E24="",F24=""),"",E24*F24) | K24: =IF(OR(E24="",F24=""),"",(E24*F24)/7.5) | O24: =IF(OR(M24="",N24=""),"",_xlfn.CEILING.MATH((N24-M24-(MEDIAN(N24,"13:00","12:00")-MEDIAN(M24,"13:00","12:00"))-(MEDIAN(N24,"16:30","16:00")-MEDIAN(M24,"16:30","16:00"))),"0:30")*24)
B25: =IFERROR(__xludf.DUMMYFUNCTION("IFERROR(REGEXEXTRACT(A25,""\| (.+)$""),"""") "),"") | G25: =IF(OR(E25="",F25=""),"",E25*F25) | K25: =IF(OR(E25="",F25=""),"",(E25*F25)/7.5) | O25: =IF(OR(M25="",N25=""),"",_xlfn.CEILING.MATH((N25-M25-(MEDIAN(N25,"13:00","12:00")-MEDIAN(M25,"13:00","12:00"))-(MEDIAN(N25,"16:30","16:00")-MEDIAN(M25,"16:30","16:00"))),"0:30")*24)
B26: =IFERROR(__xludf.DUMMYFUNCTION("IFERROR(REGEXEXTRACT(A26,""\| (.+)$""),"""") "),"") | G26: =IF(OR(E26="",F26=""),"",E26*F26) | K26: =IF(OR(E26="",F26=""),"",(E26*F26)/7.5) | O26: =IF(OR(M26="",N26=""),"",_xlfn.CEILING.MATH((N26-M26-(MEDIAN(N26,"13:00","12:00")-MEDIAN(M26,"13:00","12:00"))-(MEDIAN(N26,"16:30","16:00")-MEDIAN(M26,"16:30","16:00"))),"0:30")*24)
A27: 총수량 | C27: =SUM(C22:C26) -> 2008 | D27: =SUM(D22:D26) -> 0 | E27: =SUM(E22:E26) -> 4 | F27: =IFERROR(G27/E27, 0) -> 1.75 | G27: =SUM(G22:G26) -> 7 | K27: =SUM(K22:K26) -> 0.93333333
A29: ■ 원액생산작업
A30: 품명 | B30: 용량/규격 | C30: 수량 | D30: 포장 | E30: 작업시간 | F30: 투입인원수 | G30: 총작업시간 | H30: LINE/구분 | I30: 비고(LOT/NO) | J30: 카테고리 | K30: 작업공수
A31: 5AA40008 / ODM 5W30 | B31: L | C31: 2540 | D31: TOTE | E31: 3 | F31: 2 | G31: =IF(OR(E31="",F31=""),"",E31*F31) -> 6 | I31: G260915-021 | J31: 엔진오일 | K31: =IF(OR(E31="",F31=""),"",(E31*F31)/7.5) -> 0.8
A32: 5AA40021 / GT formula 엔진오일 PAO 5W30 | B32: L | C32: 1400 | D32: TOTE | E32: 2 | F32: 2 | G32: =IF(OR(E32="",F32=""),"",E32*F32) -> 4 | I32: G260915-022 | J32: 엔진오일 | K32: =IF(OR(E32="",F32=""),"",(E32*F32)/7.5) -> 0.53333333
A33: 5AA40019 / ODM 5W30 PAO | B33: L | C33: 1000 | D33: TOTE | E33: 1 | F33: 2 | G33: =IF(OR(E33="",F33=""),"",E33*F33) -> 2 | I33: G260915-023 | J33: 엔진오일 | K33: =IF(OR(E33="",F33=""),"",(E33*F33)/7.5) -> 0.26666667
G34: =IF(OR(E34="",F34=""),"",E34*F34) | K34: =IF(OR(E34="",F34=""),"",(E34*F34)/7.5)
G35: =IF(OR(E35="",F35=""),"",E35*F35) | K35: =IF(OR(E35="",F35=""),"",(E35*F35)/7.5)
A36: 총수량 | C36: =SUM(C31:C35) -> 4940 | E36: =SUM(E28:E35) -> 6 | F36: =IFERROR(G36/E36, 0) -> 3.1666667 | G36: =SUM(G26:G35) -> 19 | K36: =SUM(K31:K35) -> 1.6
A38: ■ 출고내역
A39: 품명 | B39: 용량/규격 | C39: 수량 | D39: 박스 | E39: 거래처 | G39: 확인자 | H39: 운송 | I39: 비고
A40: 2AA40032 / 디알텍 100%합성엔진오일 5W30 | 1L | B40: =IFERROR(__xludf.DUMMYFUNCTION("IFERROR(REGEXEXTRACT(A40,""\| (.+)$""),"""") "),"1L") -> 1L | C40: 1440 | D40: 120 | E40: 드림컴퍼니 | G40: 윤경용 | H40: 용차 | I40: 운송비154,000원(VAT포함)
A41: 2AA40041 / 스탠다드 100%합성엔진오일 5W30 | 1L | B41: =IFERROR(__xludf.DUMMYFUNCTION("IFERROR(REGEXEXTRACT(A41,""\| (.+)$""),"""") "),"1L") -> 1L | C41: 1440 | D41: 120 | E41: 드림컴퍼니 | G41: 윤경용 | H41: 용차
B42: =IFERROR(__xludf.DUMMYFUNCTION("IFERROR(REGEXEXTRACT(A42,""\| (.+)$""),"""") "),"")
B43: =IFERROR(__xludf.DUMMYFUNCTION("IFERROR(REGEXEXTRACT(A43,""\| (.+)$""),"""") "),"")
B47: =IFERROR(__xludf.DUMMYFUNCTION("IFERROR(REGEXEXTRACT(A47,""\| (.+)$""),"""") "),"")
A48: 총수량 | C48: =SUM(C40:C47) -> 2880
A50: ■ 입고내역
A51: 품명 | B51: 용량/규격 | C51: 수량 | D51: 박스 | E51: 거래처 | G51: 확인자 | H51: 비고
A52: S-OIL HYDRO FLUID AW 32 | B52: 200L | C52: 15 | E52: 아이티에스오일 | G52: 윤경용
A65: 총수량 | C65: =SUM(C52:C64) -> 15
A67: ■ 이동제품
A68: 품명 | B68: 용량/규격 | C68: 단위 | D68: 수량 | E68: 박스 | F68: 차량 | G68: 운반자 | H68: 비고
A89: 총수량 | C89: =SUM(C69:C80) -> 0 | D89: =SUM(D69:D80) -> 0
A91: ■ 택배출고현황 | E91: ■ 기타
A92: 구분 | B92: 건수 | C92: 비고
A93: 경동택배
A94: 용차 | B94: 1
A95: 납품
A98: 총수량 | B98: =SUM(B93:B97) -> 1
A100: ■ 기타업무
A101: 업무명 | B101: 용량/규격 | C101: 수량 | D101: 단위 | E101: 작업시간 | F101: 투입인원수 | G101: 총작업시간 | H101: 비고 | K101: 작업공수
A102: 부자재 사용량 이카운트 전산 입력 및 GWS 최신화 | E102: 1.5 | F102: 1 | G102: =IF(OR(E102="",F102=""),"",E102*F102) -> 1.5 | H102: 최용화 | K102: =IF(OR(E102="",F102=""),"",(E102*F102)/7.5) -> 0.2
A103: 완제품 입,출고 이카운트 전산 입력 및 GWS 최신화 | E103: 1 | F103: 1 | G103: =IF(OR(E103="",F103=""),"",E103*F103) -> 1 | H103: 최용화 | K103: =IF(OR(E103="",F103=""),"",(E103*F103)/7.5) -> 0.13333333
A104: 업무일지 작성 및 서류 정리 | E104: 0.5 | F104: 1 | G104: =IF(OR(E104="",F104=""),"",E104*F104) -> 0.5 | H104: 최용화 | K104: =IF(OR(E104="",F104=""),"",(E104*F104)/7.5) -> 0.066666667
A105: 김포2공장 점검 / 환기 | E105: 0.5 | F105: 1 | G105: =IF(OR(E105="",F105=""),"",E105*F105) -> 0.5 | H105: 최용화 | K105: =IF(OR(E105="",F105=""),"",(E105*F105)/7.5) -> 0.066666667
A106: 김포 3공장 A동 서브분전반 촬영 | E106: 0.5 | F106: 1 | G106: =IF(OR(E106="",F106=""),"",E106*F106) -> 0.5 | H106: 최용화 | K106: =IF(OR(E106="",F106=""),"",(E106*F106)/7.5) -> 0.066666667
A107: 백호전기 단선결선도 검토 | E107: 0.3 | F107: 1 | G107: =IF(OR(E107="",F107=""),"",E107*F107) -> 0.3 | H107: 최용화 | K107: =IF(OR(E107="",F107=""),"",(E107*F107)/7.5) -> 0.04
A108: 공간부동산 전기 공사 범위 협의 | E108: 2.5 | F108: 1 | G108: =IF(OR(E108="",F108=""),"",E108*F108) -> 2.5 | H108: 최용화 | K108: =IF(OR(E108="",F108=""),"",(E108*F108)/7.5) -> 0.33333333
A109: 물류 이동 LV-1202 2공장->1공장 | E109: 0.5 | F109: 1 | G109: =IF(OR(E109="",F109=""),"",E109*F109) -> 0.5 | H109: 최용화 | K109: =IF(OR(E109="",F109=""),"",(E109*F109)/7.5) -> 0.066666667
A110: 물류 이동 썸오일 5w30 아웃박스 1공장 -> 2공장 | E110: 0.3 | F110: 1 | G110: =IF(OR(E110="",F110=""),"",E110*F110) -> 0.3 | H110: 최용화 | K110: =IF(OR(E110="",F110=""),"",(E110*F110)/7.5) -> 0.04
A111: 물류 이동 MEG 공토트 1공장->2공장 | E111: 0.3 | F111: 1 | G111: =IF(OR(E111="",F111=""),"",E111*F111) -> 0.3 | H111: 최용화 | K111: =IF(OR(E111="",F111=""),"",(E111*F111)/7.5) -> 0.04
G112: =IF(OR(E112="",F112=""),"",E112*F112) | K112: =IF(OR(E112="",F112=""),"",(E112*F112)/7.5)
G113: =IF(OR(E113="",F113=""),"",E113*F113) | K113: =IF(OR(E113="",F113=""),"",(E113*F113)/7.5)
G114: =IF(OR(E114="",F114=""),"",E114*F114) | K114: =IF(OR(E114="",F114=""),"",(E114*F114)/7.5)
G115: =IF(OR(E115="",F115=""),"",E115*F115) | K115: =IF(OR(E115="",F115=""),"",(E115*F115)/7.5)
G116: =IF(OR(E116="",F116=""),"",E116*F116) | K116: =IF(OR(E116="",F116=""),"",(E116*F116)/7.5)
G117: =IF(OR(E117="",F117=""),"",E117*F117) | K117: =IF(OR(E117="",F117=""),"",(E117*F117)/7.5)
G118: =IF(OR(E118="",F118=""),"",E118*F118) | K118: =IF(OR(E118="",F118=""),"",(E118*F118)/7.5)
G119: =IF(OR(E119="",F119=""),"",E119*F119) | K119: =IF(OR(E119="",F119=""),"",(E119*F119)/7.5)
G120: =IF(OR(E120="",F120=""),"",E120*F120) | K120: =IF(OR(E120="",F120=""),"",(E120*F120)/7.5)
G121: =IF(OR(E121="",F121=""),"",E121*F121) | K121: =IF(OR(E121="",F121=""),"",(E121*F121)/7.5)
G122: =IF(OR(E122="",F122=""),"",E122*F122) | K122: =IF(OR(E122="",F122=""),"",(E122*F122)/7.5)
A123: 총수량 | C123: =SUM(C102:C105) -> 0 | D123: =SUM(D102:D105) -> 0 | E123: =SUM(E102:E122) -> 7.9 | F123: =IFERROR(G123/E123, 0) -> 1 | G123: =SUM(G102:G122) -> 7.9 | K123: =SUM(K102:K122) -> 1.0533333

Sheet 0914
I1: 담당 | J1: 검토 | K1: 확인
A2: (김포)생산공급망 업무일지 | I2: 최용화 | J2: 윤경용 | N2: 초록색상 지우기와 기재 금지
A4: 날짜 | B4: 46279
A6: ■ 제품포장작업
A7: 품명 | B7: 용량/규격 | C7: 수량 | D7: 박스 | E7: 작업시간 | F7: 투입인원수 | G7: 총작업시간 | H7: LINE/구분 | I7: 비고(LOT/NO) | J7: 카테고리 | K7: 작업공수 | L7: 작업자 | M7: 시작 | N7: 끝 | O7: 작업시간
A8: 1AH40001 / 프로텍 프리미엄 브레이크액 DOT-4+ | 1L | B8: =IFERROR(__xludf.DUMMYFUNCTION("IFERROR(REGEXEXTRACT(A8,""\| (.+)$""),"""") "),"1L") -> 1L | C8: 1032 | D8: 86 | E8: 4 | F8: 3 | G8: =IF(OR(E8="",F8=""),"",E8*F8) -> 12 | H8: 수동3 | I8: 260910 | J8: 브레이크액 | K8: =IF(OR(E8="",F8=""),"",(E8*F8)/7.5) -> 1.6 | L8: 정화순, 김백철, 김세중 | O8: =IF(OR(M8="",N8=""),"",_xlfn.CEILING.MATH((N8-M8-(MEDIAN(N8,"13:00","12:00")-MEDIAN(M8,"13:00","12:00"))-(MEDIAN(N8,"16:30","16:00")-MEDIAN(M8,"16:30","16:00"))),"0:30")*24)
A9: 1AH40001 / 프로텍 프리미엄 브레이크액 DOT-4+ | 1L | B9: =IFERROR(__xludf.DUMMYFUNCTION("IFERROR(REGEXEXTRACT(A9,""\| (.+)$""),"""") "),"1L") -> 1L | C9: 360 | D9: 30 | E9: 1 | F9: 2 | G9: =IF(OR(E9="",F9=""),"",E9*F9) -> 2 | H9: 수동3 | I9: 260910 | J9: 브레이크액 | K9: =IF(OR(E9="",F9=""),"",(E9*F9)/7.5) -> 0.26666667 | L9: 정화순, 김세중 | O9: =IF(OR(M9="",N9=""),"",_xlfn.CEILING.MATH((N9-M9-(MEDIAN(N9,"13:00","12:00")-MEDIAN(M9,"13:00","12:00"))-(MEDIAN(N9,"16:30","16:00")-MEDIAN(M9,"16:30","16:00"))),"0:30")*24)
A10: 1AH40002 / 프로텍 프리미엄 브레이크액 DOT-4+ LV | 1L | B10: =IFERROR(__xludf.DUMMYFUNCTION("IFERROR(REGEXEXTRACT(A10,""\| (.+)$""),"""") "),"1L") -> 1L | C10: 300 | D10: 25 | E10: 1.5 | F10: 2 | G10: =IF(OR(E10="",F10=""),"",E10*F10) -> 3 | H10: 수동3 | I10: 260914 | J10: 브레이크액 | K10: =IF(OR(E10="",F10=""),"",(E10*F10)/7.5) -> 0.4 | L10: 정화순, 김세중 | O10: =IF(OR(M10="",N10=""),"",_xlfn.CEILING.MATH((N10-M10-(MEDIAN(N10,"13:00","12:00")-MEDIAN(M10,"13:00","12:00"))-(MEDIAN(N10,"16:30","16:00")-MEDIAN(M10,"16:30","16:00"))),"0:30")*24)
A11: 1AH40002 / 프로텍 프리미엄 브레이크액 DOT-4+ LV | 1L | B11: =IFERROR(__xludf.DUMMYFUNCTION("IFERROR(REGEXEXTRACT(A11,""\| (.+)$""),"""") "),"1L") -> 1L | C11: 348 | D11: 29 | E11: 1 | F11: 3 | G11: =IF(OR(E11="",F11=""),"",E11*F11) -> 3 | H11: 수동3 | I11: 260914 | J11: 브레이크액 | K11: =IF(OR(E11="",F11=""),"",(E11*F11)/7.5) -> 0.4 | L11: 정화순, 김백철, 김세중 | O11: =IF(OR(M11="",N11=""),"",_xlfn.CEILING.MATH((N11-M11-(MEDIAN(N11,"13:00","12:00")-MEDIAN(M11,"13:00","12:00"))-(MEDIAN(N11,"16:30","16:00")-MEDIAN(M11,"16:30","16:00"))),"0:30")*24)
B12: =IFERROR(__xludf.DUMMYFUNCTION("IFERROR(REGEXEXTRACT(A12,""\| (.+)$""),"""") "),"") | G12: =IF(OR(E12="",F12=""),"",E12*F12) | K12: =IF(OR(E12="",F12=""),"",(E12*F12)/7.5) | O12: =IF(OR(M12="",N12=""),"",_xlfn.CEILING.MATH((N12-M12-(MEDIAN(N12,"13:00","12:00")-MEDIAN(M12,"13:00","12:00"))-(MEDIAN(N12,"16:30","16:00")-MEDIAN(M12,"16:30","16:00"))),"0:30")*24)
B13: =IFERROR(__xludf.DUMMYFUNCTION("IFERROR(REGEXEXTRACT(A13,""\| (.+)$""),"""") "),"") | G13: =IF(OR(E13="",F13=""),"",E13*F13) | K13: =IF(OR(E13="",F13=""),"",(E13*F13)/7.5) | O13: =IF(OR(M13="",N13=""),"",_xlfn.CEILING.MATH((N13-M13-(MEDIAN(N13,"13:00","12:00")-MEDIAN(M13,"13:00","12:00"))-(MEDIAN(N13,"16:30","16:00")-MEDIAN(M13,"16:30","16:00"))),"0:30")*24)
B14: =IFERROR(__xludf.DUMMYFUNCTION("IFERROR(REGEXEXTRACT(A14,""\| (.+)$""),"""") "),"") | G14: =IF(OR(E14="",F14=""),"",E14*F14) | K14: =IF(OR(E14="",F14=""),"",(E14*F14)/7.5) | O14: =IF(OR(M14="",N14=""),"",_xlfn.CEILING.MATH((N14-M14-(MEDIAN(N14,"13:00","12:00")-MEDIAN(M14,"13:00","12:00"))-(MEDIAN(N14,"16:30","16:00")-MEDIAN(M14,"16:30","16:00"))),"0:30")*24)
B15: =IFERROR(__xludf.DUMMYFUNCTION("IFERROR(REGEXEXTRACT(A15,""\| (.+)$""),"""") "),"") | G15: =IF(OR(E15="",F15=""),"",E15*F15) | K15: =IF(OR(E15="",F15=""),"",(E15*F15)/7.5) | O15: =IF(OR(M15="",N15=""),"",_xlfn.CEILING.MATH((N15-M15-(MEDIAN(N15,"13:00","12:00")-MEDIAN(M15,"13:00","12:00"))-(MEDIAN(N15,"16:30","16:00")-MEDIAN(M15,"16:30","16:00"))),"0:30")*24)
B16: =IFERROR(__xludf.DUMMYFUNCTION("IFERROR(REGEXEXTRACT(A16,""\| (.+)$""),"""") "),"") | G16: =IF(OR(E16="",F16=""),"",E16*F16) | K16: =IF(OR(E16="",F16=""),"",(E16*F16)/7.5) | O16: =IF(OR(M16="",N16=""),"",_xlfn.CEILING.MATH((N16-M16-(MEDIAN(N16,"13:00","12:00")-MEDIAN(M16,"13:00","12:00"))-(MEDIAN(N16,"16:30","16:00")-MEDIAN(M16,"16:30","16:00"))),"0:30")*24)
B17: =IFERROR(__xludf.DUMMYFUNCTION("IFERROR(REGEXEXTRACT(A17,""\| (.+)$""),"""") "),"") | G17: =IF(OR(E17="",F17=""),"",E17*F17) | K17: =IF(OR(E17="",F17=""),"",(E17*F17)/7.5)
A18: 총수량 | C18: =SUM(C8:C17) -> 2040 | D18: =SUM(D8:D17) -> 170 | E18: =SUM(E8:E17) -> 7.5 | F18: =IFERROR(G18/E18, 0) -> 2.6666667 | G18: =SUM(G8:G17) -> 20 | K18: =SUM(K8:K14) -> 2.6666667
A20: ■ 라벨부착작업
A21: 품명 | B21: 용량/규격 | C21: 수량 | D21: 박스 | E21: 작업시간 | F21: 투입인원수 | G21: 총작업시간 | H21: LINE/구분 | I21: 비고(LOT/NO) | J21: 카테고리 | K21: 작업공수 | M21: 시작 | N21: 끝 | O21: 작업시간
A22: DA020669 / 프로텍 브레이크액 DOT-4+ LV 1L 라벨 | 81*111 | B22: =IFERROR(__xludf.DUMMYFUNCTION("IFERROR(REGEXEXTRACT(A22,""\| (.+)$""),"""") "),"81*111") -> 81*111 | C22: 1808 | E22: 2.5 | F22: 2 | G22: =IF(OR(E22="",F22=""),"",E22*F22) -> 5 | H22: 자동B | J22: 브레이크액 | K22: =IF(OR(E22="",F22=""),"",(E22*F22)/7.5) -> 0.66666667 | L22: 윤경용, 김백철 | O22: =IF(OR(M22="",N22=""),"",_xlfn.CEILING.MATH((N22-M22-(MEDIAN(N22,"13:00","12:00")-MEDIAN(M22,"13:00","12:00"))-(MEDIAN(N22,"16:30","16:00")-MEDIAN(M22,"16:30","16:00"))),"0:30")*24)
B23: =IFERROR(__xludf.DUMMYFUNCTION("IFERROR(REGEXEXTRACT(A23,""\| (.+)$""),"""") "),"") | G23: =IF(OR(E23="",F23=""),"",E23*F23) | K23: =IF(OR(E23="",F23=""),"",(E23*F23)/7.5) | O23: =IF(OR(M23="",N23=""),"",_xlfn.CEILING.MATH((N23-M23-(MEDIAN(N23,"13:00","12:00")-MEDIAN(M23,"13:00","12:00"))-(MEDIAN(N23,"16:30","16:00")-MEDIAN(M23,"16:30","16:00"))),"0:30")*24)
B24: =IFERROR(__xludf.DUMMYFUNCTION("IFERROR(REGEXEXTRACT(A24,""\| (.+)$""),"""") "),"") | G24: =IF(OR(E24="",F24=""),"",E24*F24) | K24: =IF(OR(E24="",F24=""),"",(E24*F24)/7.5) | O24: =IF(OR(M24="",N24=""),"",_xlfn.CEILING.MATH((N24-M24-(MEDIAN(N24,"13:00","12:00")-MEDIAN(M24,"13:00","12:00"))-(MEDIAN(N24,"16:30","16:00")-MEDIAN(M24,"16:30","16:00"))),"0:30")*24)
B25: =IFERROR(__xludf.DUMMYFUNCTION("IFERROR(REGEXEXTRACT(A25,""\| (.+)$""),"""") "),"") | G25: =IF(OR(E25="",F25=""),"",E25*F25) | K25: =IF(OR(E25="",F25=""),"",(E25*F25)/7.5) | O25: =IF(OR(M25="",N25=""),"",_xlfn.CEILING.MATH((N25-M25-(MEDIAN(N25,"13:00","12:00")-MEDIAN(M25,"13:00","12:00"))-(MEDIAN(N25,"16:30","16:00")-MEDIAN(M25,"16:30","16:00"))),"0:30")*24)
B26: =IFERROR(__xludf.DUMMYFUNCTION("IFERROR(REGEXEXTRACT(A26,""\| (.+)$""),"""") "),"") | G26: =IF(OR(E26="",F26=""),"",E26*F26) | K26: =IF(OR(E26="",F26=""),"",(E26*F26)/7.5) | O26: =IF(OR(M26="",N26=""),"",_xlfn.CEILING.MATH((N26-M26-(MEDIAN(N26,"13:00","12:00")-MEDIAN(M26,"13:00","12:00"))-(MEDIAN(N26,"16:30","16:00")-MEDIAN(M26,"16:30","16:00"))),"0:30")*24)
A27: 총수량 | C27: =SUM(C22:C26) -> 1808 | D27: =SUM(D22:D26) -> 0 | E27: =SUM(E22:E26) -> 2.5 | F27: =IFERROR(G27/E27, 0) -> 2 | G27: =SUM(G22:G26) -> 5 | K27: =SUM(K22:K26) -> 0.66666667
A29: ■ 원액생산작업
A30: 품명 | B30: 용량/규격 | C30: 수량 | D30: 포장 | E30: 작업시간 | F30: 투입인원수 | G30: 총작업시간 | H30: LINE/구분 | I30: 비고(LOT/NO) | J30: 카테고리 | K30: 작업공수
G31: =IF(OR(E31="",F31=""),"",E31*F31) | K31: =IF(OR(E31="",F31=""),"",(E31*F31)/7.5)
G32: =IF(OR(E32="",F32=""),"",E32*F32) | K32: =IF(OR(E32="",F32=""),"",(E32*F32)/7.5)
G33: =IF(OR(E33="",F33=""),"",E33*F33) | K33: =IF(OR(E33="",F33=""),"",(E33*F33)/7.5)
G34: =IF(OR(E34="",F34=""),"",E34*F34) | K34: =IF(OR(E34="",F34=""),"",(E34*F34)/7.5)
G35: =IF(OR(E35="",F35=""),"",E35*F35) | K35: =IF(OR(E35="",F35=""),"",(E35*F35)/7.5)
A36: 총수량 | C36: =SUM(C31:C35) -> 0 | E36: =SUM(E28:E35) -> 0 | F36: =IFERROR(G36/E36, 0) -> 0 | G36: =SUM(G26:G35) -> 5 | K36: =SUM(K31:K35) -> 0
A38: ■ 출고내역
A39: 품명 | B39: 용량/규격 | C39: 수량 | D39: 박스 | E39: 거래처 | G39: 확인자 | H39: 운송 | I39: 비고
B40: =IFERROR(__xludf.DUMMYFUNCTION("IFERROR(REGEXEXTRACT(A40,""\| (.+)$""),"""") "),"")
B41: =IFERROR(__xludf.DUMMYFUNCTION("IFERROR(REGEXEXTRACT(A41,""\| (.+)$""),"""") "),"")
B42: =IFERROR(__xludf.DUMMYFUNCTION("IFERROR(REGEXEXTRACT(A42,""\| (.+)$""),"""") "),"")
B43: =IFERROR(__xludf.DUMMYFUNCTION("IFERROR(REGEXEXTRACT(A43,""\| (.+)$""),"""") "),"")
B47: =IFERROR(__xludf.DUMMYFUNCTION("IFERROR(REGEXEXTRACT(A47,""\| (.+)$""),"""") "),"")
A48: 총수량 | C48: =SUM(C40:C47) -> 0
A50: ■ 입고내역
A51: 품명 | B51: 용량/규격 | C51: 수량 | D51: 박스 | E51: 거래처 | G51: 확인자 | H51: 비고
A52: 무라벨 브레이크액 용기(1L/펄그레이) | B52: EA | C52: 5000 | E52: 대성케미칼 | G52: 윤경용
A53: 프로텍 DOT4+LV 1L(전, 후면) 라벨 | B53: 장 | C53: 5060 | E53: 대성케미칼 | G53: 윤경용
A65: 총수량 | C65: =SUM(C52:C64) -> 10060
A67: ■ 이동제품
A68: 품명 | B68: 용량/규격 | C68: 단위 | D68: 수량 | E68: 박스 | F68: 차량 | G68: 운반자 | H68: 비고
A69: 프로텍 엔진코팅제 B | B69: 1000 | C69: L | D69: 1 | E69: TOTE | F69: 3.5T | G69: 김희철 | H69: 김포 -> 본사
A70: D-60 | B70: 1000 | C70: L | D70: 2 | E70: TOTE | F70: 3.5T | G70: 김희철 | H70: 김포 -> 본사
A71: ECOCLEAN 850 | B71: 1000 | C71: L | D71: 1 | E71: TOTE | F71: 3.5T | G71: 김희철 | H71: 김포 -> 본사
A72: 프로텍 브레이크액 DOT-4+ | B72: 1 | C72: L | D72: 1200 | E72: 100 | F72: 3.5T | G72: 김희철 | H72: 김포 -> 본사
A73: 프로텍 브레이크액 DOT-4+LV | B73: 1 | C73: L | D73: 600 | E73: 50 | F73: 3.5T | G73: 김희철 | H73: 김포 -> 본사
A74: 미라텍 TOP PAO 5W30 | B74: 1 | C74: L | D74: 360 | E74: 30 | F74: 3.5T | G74: 김희철 | H74: 김포 -> 본사
A75: GT 5W30 PAO | B75: 400 | C75: L | D75: 1 | E75: TOTE | F75: 3.5T | G75: 김희철 | H75: 본사 -> 김포
A76: ODM 0W30 LS | B76: 120 | C76: L | D76: 1 | E76: TOTE | F76: 3.5T | G76: 김희철 | H76: 본사 -> 김포
A77: ODM 0W20 GD | B77: 620 | C77: L | D77: 1 | E77: TOTE | F77: 3.5T | G77: 김희철 | H77: 본사 -> 김포
A78: 공토트 | D78: 1 | E78: EA | F78: 3.5T | G78: 김희철 | H78: 본사 -> 김포
A79: 씰링기 | D79: 1 | E79: 대 | F79: 3.5T | G79: 김희철 | H79: 본사 -> 김포
A89: 총수량 | C89: =SUM(C69:C80) -> 0 | D89: =SUM(D69:D80) -> 2169
A91: ■ 택배출고현황 | E91: ■ 기타
A92: 구분 | B92: 건수 | C92: 비고 | E92: - 생산포장업무 입사지원자(최민식 씨) 1명 면접진행
A93: 경동택배
A94: 용차
A95: 납품
A98: 총수량 | B98: =SUM(B93:B97) -> 0
A100: ■ 기타업무
A101: 업무명 | B101: 용량/규격 | C101: 수량 | D101: 단위 | E101: 작업시간 | F101: 투입인원수 | G101: 총작업시간 | H101: 비고 | K101: 작업공수
A102: 본사이동 원부자재 및 완제품 상차 준비작업 | E102: 1 | F102: 1 | G102: =IF(OR(E102="",F102=""),"",E102*F102) -> 1 | H102: 윤경용 | K102: =IF(OR(E102="",F102=""),"",(E102*F102)/7.5) -> 0.13333333
A103: 본사 <-> 김포 이동 원부자재 및 완제품 상, 하차 작업 | E103: 0.5 | F103: 1 | G103: =IF(OR(E103="",F103=""),"",E103*F103) -> 0.5 | H103: 윤경용 | K103: =IF(OR(E103="",F103=""),"",(E103*F103)/7.5) -> 0.066666667
A104: BF DOT4+, DOT4+LV 2공장 > 1공장 이동작업 | E104: 0.5 | F104: 1 | G104: =IF(OR(E104="",F104=""),"",E104*F104) -> 0.5 | H104: 윤경용 | K104: =IF(OR(E104="",F104=""),"",(E104*F104)/7.5) -> 0.066666667
A105: 김포 생산공급망팀 생산포장업무 지원자 면접 | E105: 0.5 | F105: 1 | G105: =IF(OR(E105="",F105=""),"",E105*F105) -> 0.5 | H105: 윤경용 | K105: =IF(OR(E105="",F105=""),"",(E105*F105)/7.5) -> 0.066666667
G106: =IF(OR(E106="",F106=""),"",E106*F106) | K106: =IF(OR(E106="",F106=""),"",(E106*F106)/7.5)
G107: =IF(OR(E107="",F107=""),"",E107*F107) | K107: =IF(OR(E107="",F107=""),"",(E107*F107)/7.5)
G108: =IF(OR(E108="",F108=""),"",E108*F108) | K108: =IF(OR(E108="",F108=""),"",(E108*F108)/7.5)
G109: =IF(OR(E109="",F109=""),"",E109*F109) | K109: =IF(OR(E109="",F109=""),"",(E109*F109)/7.5)
G110: =IF(OR(E110="",F110=""),"",E110*F110) | K110: =IF(OR(E110="",F110=""),"",(E110*F110)/7.5)
G111: =IF(OR(E111="",F111=""),"",E111*F111) | K111: =IF(OR(E111="",F111=""),"",(E111*F111)/7.5)
G112: =IF(OR(E112="",F112=""),"",E112*F112) | K112: =IF(OR(E112="",F112=""),"",(E112*F112)/7.5)
G113: =IF(OR(E113="",F113=""),"",E113*F113) | K113: =IF(OR(E113="",F113=""),"",(E113*F113)/7.5)
G114: =IF(OR(E114="",F114=""),"",E114*F114) | K114: =IF(OR(E114="",F114=""),"",(E114*F114)/7.5)
G115: =IF(OR(E115="",F115=""),"",E115*F115) | K115: =IF(OR(E115="",F115=""),"",(E115*F115)/7.5)
G116: =IF(OR(E116="",F116=""),"",E116*F116) | K116: =IF(OR(E116="",F116=""),"",(E116*F116)/7.5)
G117: =IF(OR(E117="",F117=""),"",E117*F117) | K117: =IF(OR(E117="",F117=""),"",(E117*F117)/7.5)
... G122: =IF(OR(E122="",F122=""),"",E122*F122) | K122: =IF(OR(E122="",F122=""),"",(E122*F122)/7.5)
A123: 총수량 | C123: =SUM(C102:C105) -> 0 | D123: =SUM(D102:D105) -> 0 | E123: =SUM(E102:E122) -> 2.5 | F123: =IFERROR(G123/E123, 0) -> 1 | G123: =SUM(G102:G122) -> 2.5 | K123: =SUM(K102:K122) -> 0.33333333

Sheet 0911
I1: 담당 | J1: 검토 | K1: 확인
A2: (김포)생산공급망 업무일지 | I2: 최용화 | J2: 윤경용 | N2: 초록색상 지우기와 기재 금지
A4: 날짜 | B4: 46276
A6: ■ 제품포장작업
A7: 품명 | B7: 용량/규격 | C7: 수량 | D7: 박스 | E7: 작업시간 | F7: 투입인원수 | G7: 총작업시간 | H7: LINE/구분 | I7: 비고(LOT/NO) | J7: 카테고리 | K7: 작업공수 | L7: 작업자 | M7: 시작 | N7: 끝 | O7: 작업시간
A8: 1AH40001 / 프로텍 프리미엄 브레이크액 DOT-4+ | 1L | B8: =IFERROR(__xludf.DUMMYFUNCTION("IFERROR(REGEXEXTRACT(A8,""\| (.+)$""),"""") "),"1L") -> 1L | C8: 720 | D8: 60 | E8: 3 | F8: 2 | G8: =IF(OR(E8="",F8=""),"",E8*F8) -> 6 | H8: 수동3 | I8: 260910 | J8: 브레이크액 | K8: =IF(OR(E8="",F8=""),"",(E8*F8)/7.5) -> 0.8 | O8: =IF(OR(M8="",N8=""),"",_xlfn.CEILING.MATH((N8-M8-(MEDIAN(N8,"13:00","12:00")-MEDIAN(M8,"13:00","12:00"))-(MEDIAN(N8,"16:30","16:00")-MEDIAN(M8,"16:30","16:00"))),"0:30")*24)
A9: 3AA40001 / CTWD 100%합성엔진오일 0W20 | 1L | B9: =IFERROR(__xludf.DUMMYFUNCTION("IFERROR(REGEXEXTRACT(A9,""\| (.+)$""),"""") "),"1L") -> 1L | C9: 2004 | D9: 167 | E9: 3.5 | F9: 4 | G9: =IF(OR(E9="",F9=""),"",E9*F9) -> 14 | H9: 자동 | I9: 260911 | J9: 엔진오일 | K9: =IF(OR(E9="",F9=""),"",(E9*F9)/7.5) -> 1.8666667 | O9: =IF(OR(M9="",N9=""),"",_xlfn.CEILING.MATH((N9-M9-(MEDIAN(N9,"13:00","12:00")-MEDIAN(M9,"13:00","12:00"))-(MEDIAN(N9,"16:30","16:00")-MEDIAN(M9,"16:30","16:00"))),"0:30")*24)
A10: 1AH40001 / 프로텍 프리미엄 브레이크액 DOT-4+ | 1L | B10: =IFERROR(__xludf.DUMMYFUNCTION("IFERROR(REGEXEXTRACT(A10,""\| (.+)$""),"""") "),"1L") -> 1L | C10: 204 | D10: 17 | E10: 1 | F10: 3 | G10: =IF(OR(E10="",F10=""),"",E10*F10) -> 3 | H10: 수동3 | I10: 260910 | J10: 브레이크액 | K10: =IF(OR(E10="",F10=""),"",(E10*F10)/7.5) -> 0.4 | O10: =IF(OR(M10="",N10=""),"",_xlfn.CEILING.MATH((N10-M10-(MEDIAN(N10,"13:00","12:00")-MEDIAN(M10,"13:00","12:00"))-(MEDIAN(N10,"16:30","16:00")-MEDIAN(M10,"16:30","16:00"))),"0:30")*24)
B11: =IFERROR(__xludf.DUMMYFUNCTION("IFERROR(REGEXEXTRACT(A11,""\| (.+)$""),"""") "),"") | G11: =IF(OR(E11="",F11=""),"",E11*F11) | K11: =IF(OR(E11="",F11=""),"",(E11*F11)/7.5) | O11: =IF(OR(M11="",N11=""),"",_xlfn.CEILING.MATH((N11-M11-(MEDIAN(N11,"13:00","12:00")-MEDIAN(M11,"13:00","12:00"))-(MEDIAN(N11,"16:30","16:00")-MEDIAN(M11,"16:30","16:00"))),"0:30")*24)
B12: =IFERROR(__xludf.DUMMYFUNCTION("IFERROR(REGEXEXTRACT(A12,""\| (.+)$""),"""") "),"") | G12: =IF(OR(E12="",F12=""),"",E12*F12) | K12: =IF(OR(E12="",F12=""),"",(E12*F12)/7.5) | O12: =IF(OR(M12="",N12=""),"",_xlfn.CEILING.MATH((N12-M12-(MEDIAN(N12,"13:00","12:00")-MEDIAN(M12,"13:00","12:00"))-(MEDIAN(N12,"16:30","16:00")-MEDIAN(M12,"16:30","16:00"))),"0:30")*24)
B13: =IFERROR(__xludf.DUMMYFUNCTION("IFERROR(REGEXEXTRACT(A13,""\| (.+)$""),"""") "),"") | G13: =IF(OR(E13="",F13=""),"",E13*F13) | K13: =IF(OR(E13="",F13=""),"",(E13*F13)/7.5) | O13: =IF(OR(M13="",N13=""),"",_xlfn.CEILING.MATH((N13-M13-(MEDIAN(N13,"13:00","12:00")-MEDIAN(M13,"13:00","12:00"))-(MEDIAN(N13,"16:30","16:00")-MEDIAN(M13,"16:30","16:00"))),"0:30")*24)
B14: =IFERROR(__xludf.DUMMYFUNCTION("IFERROR(REGEXEXTRACT(A14,""\| (.+)$""),"""") "),"") | G14: =IF(OR(E14="",F14=""),"",E14*F14) | K14: =IF(OR(E14="",F14=""),"",(E14*F14)/7.5) | O14: =IF(OR(M14="",N14=""),"",_xlfn.CEILING.MATH((N14-M14-(MEDIAN(N14,"13:00","12:00")-MEDIAN(M14,"13:00","12:00"))-(MEDIAN(N14,"16:30","16:00")-MEDIAN(M14,"16:30","16:00"))),"0:30")*24)
B15: =IFERROR(__xludf.DUMMYFUNCTION("IFERROR(REGEXEXTRACT(A15,""\| (.+)$""),"""") "),"") | G15: =IF(OR(E15="",F15=""),"",E15*F15) | K15: =IF(OR(E15="",F15=""),"",(E15*F15)/7.5) | O15: =IF(OR(M15="",N15=""),"",_xlfn.CEILING.MATH((N15-M15-(MEDIAN(N15,"13:00","12:00")-MEDIAN(M15,"13:00","12:00"))-(MEDIAN(N15,"16:30","16:00")-MEDIAN(M15,"16:30","16:00"))),"0:30")*24)
B16: =IFERROR(__xludf.DUMMYFUNCTION("IFERROR(REGEXEXTRACT(A16,""\| (.+)$""),"""") "),"") | G16: =IF(OR(E16="",F16=""),"",E16*F16) | K16: =IF(OR(E16="",F16=""),"",(E16*F16)/7.5) | O16: =IF(OR(M16="",N16=""),"",_xlfn.CEILING.MATH((N16-M16-(MEDIAN(N16,"13:00","12:00")-MEDIAN(M16,"13:00","12:00"))-(MEDIAN(N16,"16:30","16:00")-MEDIAN(M16,"16:30","16:00"))),"0:30")*24)
B17: =IFERROR(__xludf.DUMMYFUNCTION("IFERROR(REGEXEXTRACT(A17,""\| (.+)$""),"""") "),"") | G17: =IF(OR(E17="",F17=""),"",E17*F17) | K17: =IF(OR(E17="",F17=""),"",(E17*F17)/7.5)
A18: 총수량 | C18: =SUM(C8:C17) -> 2928 | D18: =SUM(D8:D17) -> 244 | E18: =SUM(E8:E17) -> 7.5 | F18: =IFERROR(G18/E18, 0) -> 3.0666667 | G18: =SUM(G8:G17) -> 23 | K18: =SUM(K8:K14) -> 3.0666667
A20: ■ 라벨부착작업
A21: 품명 | B21: 용량/규격 | C21: 수량 | D21: 박스 | E21: 작업시간 | F21: 투입인원수 | G21: 총작업시간 | H21: LINE/구분 | I21: 비고(LOT/NO) | J21: 카테고리 | K21: 작업공수 | M21: 시작 | N21: 끝 | O21: 작업시간
A22: DA020664 / 프로텍 브레이크액 DOT-4+ 1L 라벨 | 81*111 | B22: =IFERROR(__xludf.DUMMYFUNCTION("IFERROR(REGEXEXTRACT(A22,""\| (.+)$""),"""") "),"81*111") -> 81*111 | C22: 1277 | E22: 2.5 | F22: 2 | G22: =IF(OR(E22="",F22=""),"",E22*F22) -> 5 | H22: 자동B | J22: 브레이크액 | K22: =IF(OR(E22="",F22=""),"",(E22*F22)/7.5) -> 0.66666667 | O22: =IF(OR(M22="",N22=""),"",_xlfn.CEILING.MATH((N22-M22-(MEDIAN(N22,"13:00","12:00")-MEDIAN(M22,"13:00","12:00"))-(MEDIAN(N22,"16:30","16:00")-MEDIAN(M22,"16:30","16:00"))),"0:30")*24)
A23: OO020669 / CTWD 엔진오일 0W-20 1L 라벨 | 77.5*142 | B23: =IFERROR(__xludf.DUMMYFUNCTION("IFERROR(REGEXEXTRACT(A23,""\| (.+)$""),"""") "),"77.5*142") -> 77.5*142 | C23: 2004 | E23: 3.5 | F23: 0 | G23: =IF(OR(E23="",F23=""),"",E23*F23) -> 0 | H23: 자동A | J23: 브레이크액 | K23: =IF(OR(E23="",F23=""),"",(E23*F23)/7.5) -> 0 | O23: =IF(OR(M23="",N23=""),"",_xlfn.CEILING.MATH((N23-M23-(MEDIAN(N23,"13:00","12:00")-MEDIAN(M23,"13:00","12:00"))-(MEDIAN(N23,"16:30","16:00")-MEDIAN(M23,"16:30","16:00"))),"0:30")*24)
B24: =IFERROR(__xludf.DUMMYFUNCTION("IFERROR(REGEXEXTRACT(A24,""\| (.+)$""),"""") "),"") | G24: =IF(OR(E24="",F24=""),"",E24*F24) | K24: =IF(OR(E24="",F24=""),"",(E24*F24)/7.5) | O24: =IF(OR(M24="",N24=""),"",_xlfn.CEILING.MATH((N24-M24-(MEDIAN(N24,"13:00","12:00")-MEDIAN(M24,"13:00","12:00"))-(MEDIAN(N24,"16:30","16:00")-MEDIAN(M24,"16:30","16:00"))),"0:30")*24)
B25: =IFERROR(__xludf.DUMMYFUNCTION("IFERROR(REGEXEXTRACT(A25,""\| (.+)$""),"""") "),"") | G25: =IF(OR(E25="",F25=""),"",E25*F25) | K25: =IF(OR(E25="",F25=""),"",(E25*F25)/7.5) | O25: =IF(OR(M25="",N25=""),"",_xlfn.CEILING.MATH((N25-M25-(MEDIAN(N25,"13:00","12:00")-MEDIAN(M25,"13:00","12:00"))-(MEDIAN(N25,"16:30","16:00")-MEDIAN(M25,"16:30","16:00"))),"0:30")*24)
B26: =IFERROR(__xludf.DUMMYFUNCTION("IFERROR(REGEXEXTRACT(A26,""\| (.+)$""),"""") "),"") | G26: =IF(OR(E26="",F26=""),"",E26*F26) | K26: =IF(OR(E26="",F26=""),"",(E26*F26)/7.5) | O26: =IF(OR(M26="",N26=""),"",_xlfn.CEILING.MATH((N26-M26-(MEDIAN(N26,"13:00","12:00")-MEDIAN(M26,"13:00","12:00"))-(MEDIAN(N26,"16:30","16:00")-MEDIAN(M26,"16:30","16:00"))),"0:30")*24)
A27: 총수량 | C27: =SUM(C22:C26) -> 3281 | D27: =SUM(D22:D26) -> 0 | E27: =SUM(E22:E26) -> 6 | F27: =IFERROR(G27/E27, 0) -> 0.83333333 | G27: =SUM(G22:G26) -> 5 | K27: =SUM(K22:K26) -> 0.66666667
A29: ■ 원액생산작업
A30: 품명 | B30: 용량/규격 | C30: 수량 | D30: 포장 | E30: 작업시간 | F30: 투입인원수 | G30: 총작업시간 | H30: LINE/구분 | I30: 비고(LOT/NO) | J30: 카테고리 | K30: 작업공수
G31: =IF(OR(E31="",F31=""),"",E31*F31) | K31: =IF(OR(E31="",F31=""),"",(E31*F31)/7.5)
G32: =IF(OR(E32="",F32=""),"",E32*F32) | K32: =IF(OR(E32="",F32=""),"",(E32*F32)/7.5)
G33: =IF(OR(E33="",F33=""),"",E33*F33) | K33: =IF(OR(E33="",F33=""),"",(E33*F33)/7.5)
G34: =IF(OR(E34="",F34=""),"",E34*F34) | K34: =IF(OR(E34="",F34=""),"",(E34*F34)/7.5)
G35: =IF(OR(E35="",F35=""),"",E35*F35) | K35: =IF(OR(E35="",F35=""),"",(E35*F35)/7.5)
A36: 총수량 | C36: =SUM(C31:C35) -> 0 | E36: =SUM(E28:E35) -> 0 | F36: =IFERROR(G36/E36, 0) -> 0 | G36: =SUM(G26:G35) -> 5 | K36: =SUM(K31:K35) -> 0
A38: ■ 출고내역
A39: 품명 | B39: 용량/규격 | C39: 수량 | D39: 박스 | E39: 거래처 | G39: 확인자 | H39: 운송 | I39: 비고
B40: =IFERROR(__xludf.DUMMYFUNCTION("IFERROR(REGEXEXTRACT(A40,""\| (.+)$""),"""") "),"")
B41: =IFERROR(__xludf.DUMMYFUNCTION("IFERROR(REGEXEXTRACT(A41,""\| (.+)$""),"""") "),"")
B42: =IFERROR(__xludf.DUMMYFUNCTION("IFERROR(REGEXEXTRACT(A42,""\| (.+)$""),"""") "),"")
B43: =IFERROR(__xludf.DUMMYFUNCTION("IFERROR(REGEXEXTRACT(A43,""\| (.+)$""),"""") "),"")
B47: =IFERROR(__xludf.DUMMYFUNCTION("IFERROR(REGEXEXTRACT(A47,""\| (.+)$""),"""") "),"")
A48: 총수량 | C48: =SUM(C40:C47) -> 0
A50: ■ 입고내역
A51: 품명 | B51: 용량/규격 | C51: 수량 | D51: 박스 | E51: 거래처 | G51: 확인자 | H51: 비고
A52: 썸오일 5W30 1L 아웃박스 | B52: EA | C52: 1000 | E52: 좋은상자 | G52: 윤경용
A65: 총수량 | C65: =SUM(C52:C64) -> 1000
A67: ■ 이동제품
A68: 품명 | B68: 용량/규격 | C68: 단위 | D68: 수량 | E68: 박스 | F68: 차량 | G68: 운반자 | H68: 비고
A89: 총수량 | C89: =SUM(C69:C80) -> 0 | D89: =SUM(D69:D80) -> 0
A91: ■ 택배출고현황 | E91: ■ 기타
A92: 구분 | B92: 건수 | C92: 비고
A93: 경동택배
A94: 용차
A95: 납품
A98: 총수량 | B98: =SUM(B93:B97) -> 0
A100: ■ 기타업무
A101: 업무명 | B101: 용량/규격 | C101: 수량 | D101: 단위 | E101: 작업시간 | F101: 투입인원수 | G101: 총작업시간 | H101: 비고 | K101: 작업공수
A102: 9월 재고리스트 입력 및 재고실사 원료 및 완제품 실사수량 입력 | E102: 3 | F102: 1 | G102: =IF(OR(E102="",F102=""),"",E102*F102) -> 3 | H102: 윤경용 | K102: =IF(OR(E102="",F102=""),"",(E102*F102)/7.5) -> 0.4
G103: =IF(OR(E103="",F103=""),"",E103*F103) | K103: =IF(OR(E103="",F103=""),"",(E103*F103)/7.5)
G104: =IF(OR(E104="",F104=""),"",E104*F104) | K104: =IF(OR(E104="",F104=""),"",(E104*F104)/7.5)
G105: =IF(OR(E105="",F105=""),"",E105*F105) | K105: =IF(OR(E105="",F105=""),"",(E105*F105)/7.5)
G106: =IF(OR(E106="",F106=""),"",E106*F106) | K106: =IF(OR(E106="",F106=""),"",(E106*F106)/7.5)
G107: =IF(OR(E107="",F107=""),"",E107*F107) | K107: =IF(OR(E107="",F107=""),"",(E107*F107)/7.5)
G108: =IF(OR(E108="",F108=""),"",E108*F108) | K108: =IF(OR(E108="",F108=""),"",(E108*F108)/7.5)
G109: =IF(OR(E109="",F109=""),"",E109*F109) | K109: =IF(OR(E109="",F109=""),"",(E109*F109)/7.5)
G110: =IF(OR(E110="",F110=""),"",E110*F110) | K110: =IF(OR(E110="",F110=""),"",(E110*F110)/7.5)
G111: =IF(OR(E111="",F111=""),"",E111*F111) | K111: =IF(OR(E111="",F111=""),"",(E111*F111)/7.5)
G112: =IF(OR(E112="",F112=""),"",E112*F112) | K112: =IF(OR(E112="",F112=""),"",(E112*F112)/7.5)
G113: =IF(OR(E113="",F113=""),"",E113*F113) | K113: =IF(OR(E113="",F113=""),"",(E113*F113)/7.5)
G114: =IF(OR(E114="",F114=""),"",E114*F114) | K114: =IF(OR(E114="",F114=""),"",(E114*F114)/7.5)
... G122: =IF(OR(E122="",F122=""),"",E122*F122) | K122: =IF(OR(E122="",F122=""),"",(E122*F122)/7.5)
A123: 총수량 | C123: =SUM(C102:C105) -> 0 | D123: =SUM(D102:D105) -> 0 | E123: =SUM(E102:E122) -> 3 | F123: =IFERROR(G123/E123, 0) -> 1 | G123: =SUM(G102:G122) -> 3 | K123: =SUM(K102:K122) -> 0.4

Sheet 0910
I1: 담당 | J1: 검토 | K1: 확인
A2: (김포)생산공급망 업무일지 | I2: 최용화 | J2: 윤경용 | N2: 초록색상 지우기와 기재 금지
A4: 날짜 | B4: 46275
A6: ■ 제품포장작업
A7: 품명 | B7: 용량/규격 | C7: 수량 | D7: 박스 | E7: 작업시간 | F7: 투입인원수 | G7: 총작업시간 | H7: LINE/구분 | I7: 비고(LOT/NO) | J7: 카테고리 | K7: 작업공수 | L7: 작업자 | M7: 시작 | N7: 끝 | O7: 작업시간
A8: 1AA40005 / 썸오일 100% 합성엔진오일 5W30 | 1L | B8: =IFERROR(__xludf.DUMMYFUNCTION("IFERROR(REGEXEXTRACT(A8,""\| (.+)$""),"""") "),"1L") -> 1L | C8: 768 | D8: 44 | E8: 2 | F8: 3 | G8: =IF(OR(E8="",F8=""),"",E8*F8) -> 6 | H8: 자동 | I8: 260422 | J8: 엔진오일 | K8: =IF(OR(E8="",F8=""),"",(E8*F8)/7.5) -> 0.8 | O8: =IF(OR(M8="",N8=""),"",_xlfn.CEILING.MATH((N8-M8-(MEDIAN(N8,"13:00","12:00")-MEDIAN(M8,"13:00","12:00"))-(MEDIAN(N8,"16:30","16:00")-MEDIAN(M8,"16:30","16:00"))),"0:30")*24)
A9: 1AH40001 / 프로텍 프리미엄 브레이크액 DOT-4+ | 1L | B9: =IFERROR(__xludf.DUMMYFUNCTION("IFERROR(REGEXEXTRACT(A9,""\| (.+)$""),"""") "),"1L") -> 1L | C9: 72 | D9: 6 | E9: 1 | F9: 3 | G9: =IF(OR(E9="",F9=""),"",E9*F9) -> 3 | H9: 수동3 | I9: 260907 | J9: 브레이크액 | K9: =IF(OR(E9="",F9=""),"",(E9*F9)/7.5) -> 0.4 | O9: =IF(OR(M9="",N9=""),"",_xlfn.CEILING.MATH((N9-M9-(MEDIAN(N9,"13:00","12:00")-MEDIAN(M9,"13:00","12:00"))-(MEDIAN(N9,"16:30","16:00")-MEDIAN(M9,"16:30","16:00"))),"0:30")*24)
A10: 1AH40001 / 프로텍 프리미엄 브레이크액 DOT-4+ | 1L | B10: =IFERROR(__xludf.DUMMYFUNCTION("IFERROR(REGEXEXTRACT(A10,""\| (.+)$""),"""") "),"1L") -> 1L | C10: 216 | D10: 18 | E10: 1.5 | F10: 3 | G10: =IF(OR(E10="",F10=""),"",E10*F10) -> 4.5 | H10: 수동3 | I10: 260910 | J10: 브레이크액 | K10: =IF(OR(E10="",F10=""),"",(E10*F10)/7.5) -> 0.6 | O10: =IF(OR(M10="",N10=""),"",_xlfn.CEILING.MATH((N10-M10-(MEDIAN(N10,"13:00","12:00")-MEDIAN(M10,"13:00","12:00"))-(MEDIAN(N10,"16:30","16:00")-MEDIAN(M10,"16:30","16:00"))),"0:30")*24)
A11: 1AA40005 / 썸오일 100% 합성엔진오일 5W30 | 1L | B11: =IFERROR(__xludf.DUMMYFUNCTION("IFERROR(REGEXEXTRACT(A11,""\| (.+)$""),"""") "),"1L") -> 1L | C11: 240 | D11: 20 | E11: 1 | F11: 3 | G11: =IF(OR(E11="",F11=""),"",E11*F11) -> 3 | H11: 자동 | I11: 260422 | J11: 엔진오일 | K11: =IF(OR(E11="",F11=""),"",(E11*F11)/7.5) -> 0.4 | O11: =IF(OR(M11="",N11=""),"",_xlfn.CEILING.MATH((N11-M11-(MEDIAN(N11,"13:00","12:00")-MEDIAN(M11,"13:00","12:00"))-(MEDIAN(N11,"16:30","16:00")-MEDIAN(M11,"16:30","16:00"))),"0:30")*24)
B12: =IFERROR(__xludf.DUMMYFUNCTION("IFERROR(REGEXEXTRACT(A12,""\| (.+)$""),"""") "),"") | G12: =IF(OR(E12="",F12=""),"",E12*F12) | K12: =IF(OR(E12="",F12=""),"",(E12*F12)/7.5) | O12: =IF(OR(M12="",N12=""),"",_xlfn.CEILING.MATH((N12-M12-(MEDIAN(N12,"13:00","12:00")-MEDIAN(M12,"13:00","12:00"))-(MEDIAN(N12,"16:30","16:00")-MEDIAN(M12,"16:30","16:00"))),"0:30")*24)
B13: =IFERROR(__xludf.DUMMYFUNCTION("IFERROR(REGEXEXTRACT(A13,""\| (.+)$""),"""") "),"") | G13: =IF(OR(E13="",F13=""),"",E13*F13) | K13: =IF(OR(E13="",F13=""),"",(E13*F13)/7.5) | O13: =IF(OR(M13="",N13=""),"",_xlfn.CEILING.MATH((N13-M13-(MEDIAN(N13,"13:00","12:00")-MEDIAN(M13,"13:00","12:00"))-(MEDIAN(N13,"16:30","16:00")-MEDIAN(M13,"16:30","16:00"))),"0:30")*24)
B14: =IFERROR(__xludf.DUMMYFUNCTION("IFERROR(REGEXEXTRACT(A14,""\| (.+)$""),"""") "),"") | G14: =IF(OR(E14="",F14=""),"",E14*F14) | K14: =IF(OR(E14="",F14=""),"",(E14*F14)/7.5) | O14: =IF(OR(M14="",N14=""),"",_xlfn.CEILING.MATH((N14-M14-(MEDIAN(N14,"13:00","12:00")-MEDIAN(M14,"13:00","12:00"))-(MEDIAN(N14,"16:30","16:00")-MEDIAN(M14,"16:30","16:00"))),"0:30")*24)
B15: =IFERROR(__xludf.DUMMYFUNCTION("IFERROR(REGEXEXTRACT(A15,""\| (.+)$""),"""") "),"") | G15: =IF(OR(E15="",F15=""),"",E15*F15) | K15: =IF(OR(E15="",F15=""),"",(E15*F15)/7.5) | O15: =IF(OR(M15="",N15=""),"",_xlfn.CEILING.MATH((N15-M15-(MEDIAN(N15,"13:00","12:00")-MEDIAN(M15,"13:00","12:00"))-(MEDIAN(N15,"16:30","16:00")-MEDIAN(M15,"16:30","16:00"))),"0:30")*24)
B16: =IFERROR(__xludf.DUMMYFUNCTION("IFERROR(REGEXEXTRACT(A16,""\| (.+)$""),"""") "),"") | G16: =IF(OR(E16="",F16=""),"",E16*F16) | K16: =IF(OR(E16="",F16=""),"",(E16*F16)/7.5) | O16: =IF(OR(M16="",N16=""),"",_xlfn.CEILING.MATH((N16-M16-(MEDIAN(N16,"13:00","12:00")-MEDIAN(M16,"13:00","12:00"))-(MEDIAN(N16,"16:30","16:00")-MEDIAN(M16,"16:30","16:00"))),"0:30")*24)
B17: =IFERROR(__xludf.DUMMYFUNCTION("IFERROR(REGEXEXTRACT(A17,""\| (.+)$""),"""") "),"") | G17: =IF(OR(E17="",F17=""),"",E17*F17) | K17: =IF(OR(E17="",F17=""),"",(E17*F17)/7.5)
A18: 총수량 | C18: =SUM(C8:C17) -> 1296 | D18: =SUM(D8:D17) -> 88 | E18: =SUM(E8:E17) -> 5.5 | F18: =IFERROR(G18/E18, 0) -> 3 | G18: =SUM(G8:G17) -> 16.5 | K18: =SUM(K8:K14) -> 2.2
A20: ■ 라벨부착작업
A21: 품명 | B21: 용량/규격 | C21: 수량 | D21: 박스 | E21: 작업시간 | F21: 투입인원수 | G21: 총작업시간 | H21: LINE/구분 | I21: 비고(LOT/NO) | J21: 카테고리 | K21: 작업공수 | M21: 시작 | N21: 끝 | O21: 작업시간
A22: DA020664 / 프로텍 브레이크액 DOT-4+ 1L 라벨 | 81*111 | B22: =IFERROR(__xludf.DUMMYFUNCTION("IFERROR(REGEXEXTRACT(A22,""\| (.+)$""),"""") "),"81*111") -> 81*111 | C22: 820 | E22: 1 | F22: 3 | G22: =IF(OR(E22="",F22=""),"",E22*F22) -> 3 | H22: 자동B | J22: 브레이크액 | K22: =IF(OR(E22="",F22=""),"",(E22*F22)/7.5) -> 0.4 | O22: =IF(OR(M22="",N22=""),"",_xlfn.CEILING.MATH((N22-M22-(MEDIAN(N22,"13:00","12:00")-MEDIAN(M22,"13:00","12:00"))-(MEDIAN(N22,"16:30","16:00")-MEDIAN(M22,"16:30","16:00"))),"0:30")*24)
A23: DA020664 / 프로텍 브레이크액 DOT-4+ 1L 라벨 | 81*111 | B23: =IFERROR(__xludf.DUMMYFUNCTION("IFERROR(REGEXEXTRACT(A23,""\| (.+)$""),"""") "),"81*111") -> 81*111 | C23: 450 | E23: 0.8 | F23: 2 | G23: =IF(OR(E23="",F23=""),"",E23*F23) -> 1.6 | H23: 자동B | J23: 브레이크액 | K23: =IF(OR(E23="",F23=""),"",(E23*F23)/7.5) -> 0.21333333 | O23: =IF(OR(M23="",N23=""),"",_xlfn.CEILING.MATH((N23-M23-(MEDIAN(N23,"13:00","12:00")-MEDIAN(M23,"13:00","12:00"))-(MEDIAN(N23,"16:30","16:00")-MEDIAN(M23,"16:30","16:00"))),"0:30")*24)
B24: =IFERROR(__xludf.DUMMYFUNCTION("IFERROR(REGEXEXTRACT(A24,""\| (.+)$""),"""") "),"") | G24: =IF(OR(E24="",F24=""),"",E24*F24) | K24: =IF(OR(E24="",F24=""),"",(E24*F24)/7.5) | O24: =IF(OR(M24="",N24=""),"",_xlfn.CEILING.MATH((N24-M24-(MEDIAN(N24,"13:00","12:00")-MEDIAN(M24,"13:00","12:00"))-(MEDIAN(N24,"16:30","16:00")-MEDIAN(M24,"16:30","16:00"))),"0:30")*24)
B25: =IFERROR(__xludf.DUMMYFUNCTION("IFERROR(REGEXEXTRACT(A25,""\| (.+)$""),"""") "),"") | G25: =IF(OR(E25="",F25=""),"",E25*F25) | K25: =IF(OR(E25="",F25=""),"",(E25*F25)/7.5) | O25: =IF(OR(M25="",N25=""),"",_xlfn.CEILING.MATH((N25-M25-(MEDIAN(N25,"13:00","12:00")-MEDIAN(M25,"13:00","12:00"))-(MEDIAN(N25,"16:30","16:00")-MEDIAN(M25,"16:30","16:00"))),"0:30")*24)
B26: =IFERROR(__xludf.DUMMYFUNCTION("IFERROR(REGEXEXTRACT(A26,""\| (.+)$""),"""") "),"") | G26: =IF(OR(E26="",F26=""),"",E26*F26) | K26: =IF(OR(E26="",F26=""),"",(E26*F26)/7.5) | O26: =IF(OR(M26="",N26=""),"",_xlfn.CEILING.MATH((N26-M26-(MEDIAN(N26,"13:00","12:00")-MEDIAN(M26,"13:00","12:00"))-(MEDIAN(N26,"16:30","16:00")-MEDIAN(M26,"16:30","16:00"))),"0:30")*24)
A27: 총수량 | C27: =SUM(C22:C26) -> 1270 | D27: =SUM(D22:D26) -> 0 | E27: =SUM(E22:E26) -> 1.8 | F27: =IFERROR(G27/E27, 0) -> 2.5555556 | G27: =SUM(G22:G26) -> 4.6 | K27: =SUM(K22:K26) -> 0.61333333
A29: ■ 원액생산작업
A30: 품명 | B30: 용량/규격 | C30: 수량 | D30: 포장 | E30: 작업시간 | F30: 투입인원수 | G30: 총작업시간 | H30: LINE/구분 | I30: 비고(LOT/NO) | J30: 카테고리 | K30: 작업공수
A31: 5AB40002 / 엔진코팅제 B | B31: L | C31: 4000 | D31: TOTE | E31: 4 | F31: 2 | G31: =IF(OR(E31="",F31=""),"",E31*F31) -> 8 | H31: BT-2 | I31: G260910-021 | J31: 엔진코팅제 | K31: =IF(OR(E31="",F31=""),"",(E31*F31)/7.5) -> 1.0666667
G32: =IF(OR(E32="",F32=""),"",E32*F32) | K32: =IF(OR(E32="",F32=""),"",(E32*F32)/7.5)
G33: =IF(OR(E33="",F33=""),"",E33*F33) | K33: =IF(OR(E33="",F33=""),"",(E33*F33)/7.5)
G34: =IF(OR(E34="",F34=""),"",E34*F34) | K34: =IF(OR(E34="",F34=""),"",(E34*F34)/7.5)
G35: =IF(OR(E35="",F35=""),"",E35*F35) | K35: =IF(OR(E35="",F35=""),"",(E35*F35)/7.5)
A36: 총수량 | C36: =SUM(C31:C35) -> 4000 | E36: =SUM(E28:E35) -> 4 | F36: =IFERROR(G36/E36, 0) -> 3.15 | G36: =SUM(G26:G35) -> 12.6 | K36: =SUM(K31:K35) -> 1.0666667
A38: ■ 출고내역
A39: 품명 | B39: 용량/규격 | C39: 수량 | D39: 박스 | E39: 거래처 | G39: 확인자 | H39: 운송 | I39: 비고
A40: 2AA40034 / 디알텍 100%합성엔진오일 PAO 5W30 | 1L | B40: =IFERROR(__xludf.DUMMYFUNCTION("IFERROR(REGEXEXTRACT(A40,""\| (.+)$""),"""") "),"1L") -> 1L | C40: 720 | D40: 60 | E40: 드림컴퍼니 | G40: 윤경용 | H40: 용차 | I40: 운송비154,000원(VAT포함)
A41: 2AA40035 / 디알텍 100%합성엔진오일 PAO 5W40 | 1L | B41: =IFERROR(__xludf.DUMMYFUNCTION("IFERROR(REGEXEXTRACT(A41,""\| (.+)$""),"""") "),"1L") -> 1L | C41: 720 | D41: 60 | E41: 드림컴퍼니 | G41: 윤경용 | H41: 용차
A42: 2AJ40016 / 디알텍 오일소모방지제 | 0.5L | B42: =IFERROR(__xludf.DUMMYFUNCTION("IFERROR(REGEXEXTRACT(A42,""\| (.+)$""),"""") "),"0.5L") -> 0.5L | C42: 200 | D42: 20 | E42: 드림컴퍼니 | G42: 윤경용 | H42: 용차
B43: =IFERROR(__xludf.DUMMYFUNCTION("IFERROR(REGEXEXTRACT(A43,""\| (.+)$""),"""") "),"")
B47: =IFERROR(__xludf.DUMMYFUNCTION("IFERROR(REGEXEXTRACT(A47,""\| (.+)$""),"""") "),"")
A48: 총수량 | C48: =SUM(C40:C47) -> 1640
A50: ■ 입고내역
A51: 품명 | B51: 용량/규격 | C51: 수량 | D51: 박스 | E51: 거래처 | G51: 확인자 | H51: 비고
A52: US-4 | B52: 1,000L | C52: 2 | D52: TOTE | E52: 아이티에스오일 | G52: 윤경용
A53: S-OIL 7 CK 15W40 | B53: 200L | C53: 2 | D53: DM | E53: 아이티에스오일 | G53: 윤경용
A54: HLP-3030 | B54: 1,000L | C54: 2 | D54: TOTE | E54: 한일유화 | G54: 윤경용
A55: HLP-2090 | B55: 1,000L | C55: 2 | D55: TOTE | E55: 한일유화 | G55: 윤경용
A56: CTWD 0W20 아웃박스 | B56: EA | C56: 200 | E56: 아르케 | G56: 윤경용
A57: 무라벨 브레이크액 용기(펄그레이/1L) | B57: EA | C57: 1066 | E57: 대성케미칼 | G57: 최용화 | H57: 자차-1T/최용화
A58: 프로텍 브레이크액 DOT-4+ 1L 라벨 | B58: EA | C58: 5060 | E58: 대성케미칼 | G58: 최용화 | H58: 자차-1T/최용화
A59: DEG | B59: 225KG | C59: 1 | D59: DM | E59: 휴브글로벌 | G59: 윤경용
A60: 무라벨 브레이크액 용기(펄그레이/1L) | B60: EA | C60: 3034 | E60: 대성케미칼 | G60: 윤경용
A65: 총수량 | C65: =SUM(C52:C64) -> 9369
A67: ■ 이동제품
A68: 품명 | B68: 용량/규격 | C68: 단위 | D68: 수량 | E68: 박스 | F68: 차량 | G68: 운반자 | H68: 비고
A89: 총수량 | C89: =SUM(C69:C80) -> 0 | D89: =SUM(D69:D80) -> 0
A91: ■ 택배출고현황 | E91: ■ 기타
A92: 구분 | B92: 건수 | C92: 비고 | E92: - 자동화기계 원액 공급펌프 고장발생 자체수리 진행
A93: 경동택배
A94: 용차 | B94: 1
A95: 납품
A98: 총수량 | B98: =SUM(B93:B97) -> 1
A100: ■ 기타업무
A101: 업무명 | B101: 용량/규격 | C101: 수량 | D101: 단위 | E101: 작업시간 | F101: 투입인원수 | G101: 총작업시간 | H101: 비고 | K101: 작업공수
A102: 부자재 사용량 이카운트 전산 입력 및 GWS 최신화 | E102: 0.4 | F102: 1 | G102: =IF(OR(E102="",F102=""),"",E102*F102) -> 0.4 | H102: 최용화 | K102: =IF(OR(E102="",F102=""),"",(E102*F102)/7.5) -> 0.053333333
A103: 완제품 입,출고 이카운트 전산 입력 및 GWS 최신화 | E103: 0.4 | F103: 1 | G103: =IF(OR(E103="",F103=""),"",E103*F103) -> 0.4 | H103: 최용화 | K103: =IF(OR(E103="",F103=""),"",(E103*F103)/7.5) -> 0.053333333
A104: 업무일지 작성 및 서류 정리 | E104: 0.5 | F104: 1 | G104: =IF(OR(E104="",F104=""),"",E104*F104) -> 0.5 | H104: 최용화 | K104: =IF(OR(E104="",F104=""),"",(E104*F104)/7.5) -> 0.066666667
A105: 김포2공장 점검 / 환기 | E105: 0.5 | F105: 1 | G105: =IF(OR(E105="",F105=""),"",E105*F105) -> 0.5 | H105: 최용화 | K105: =IF(OR(E105="",F105=""),"",(E105*F105)/7.5) -> 0.066666667
A106: 대성케미칼 방문 프로텍 브레이크오일 용기,라벨 인수 | E106: 1.6 | F106: 1 | G106: =IF(OR(E106="",F106=""),"",E106*F106) -> 1.6 | H106: 최용화 | K106: =IF(OR(E106="",F106=""),"",(E106*F106)/7.5) -> 0.21333333
A107: 물류 이동 MEG 공토트 1공장->2공장 | E107: 0.5 | F107: 1 | G107: =IF(OR(E107="",F107=""),"",E107*F107) -> 0.5 | H107: 최용화 | K107: =IF(OR(E107="",F107=""),"",(E107*F107)/7.5) -> 0.066666667
A108: 물류 이동 BF4-1201 2공장->1공장 | E108: 0.5 | F108: 1 | G108: =IF(OR(E108="",F108=""),"",E108*F108) -> 0.5 | H108: 최용화 | K108: =IF(OR(E108="",F108=""),"",(E108*F108)/7.5) -> 0.066666667
A109: 임차인 대선 업무 (접속공사 비용 , 정기검사 비용) | E109: 1.5 | F109: 1 | G109: =IF(OR(E109="",F109=""),"",E109*F109) -> 1.5 | H109: 최용화 | K109: =IF(OR(E109="",F109=""),"",(E109*F109)/7.5) -> 0.2
A110: 한전 산출 명세서 검토 | E110: 0.6 | F110: 1 | G110: =IF(OR(E110="",F110=""),"",E110*F110) -> 0.6 | H110: 최용화 | K110: =IF(OR(E110="",F110=""),"",(E110*F110)/7.5) -> 0.08
A111: ERP 재고 데이터 정확성 개선 회의 | E111: 1 | F111: 2 | G111: =IF(OR(E111="",F111=""),"",E111*F111) -> 2 | H111: 윤경용,최용화 | K111: =IF(OR(E111="",F111=""),"",(E111*F111)/7.5) -> 0.26666667
A112: 자동화기계 펌프 고장원인 파악 및 수리 | E112: 1 | F112: 2 | G112: =IF(OR(E112="",F112=""),"",E112*F112) -> 2 | H112: 윤경용, 김백철 | K112: =IF(OR(E112="",F112=""),"",(E112*F112)/7.5) -> 0.26666667
A113: 생산동 바닥 청소 및 폐기물 처리(용기파손 누유) | E113: 0.5 | F113: 5 | G113: =IF(OR(E113="",F113=""),"",E113*F113) -> 2.5 | H113: 윤경용, 김백철, 정화순, 윤상모, 김세중 | K113: =IF(OR(E113="",F113=""),"",(E113*F113)/7.5) -> 0.33333333
G114: =IF(OR(E114="",F114=""),"",E114*F114) | K114: =IF(OR(E114="",F114=""),"",(E114*F114)/7.5)
G115: =IF(OR(E115="",F115=""),"",E115*F115) | K115: =IF(OR(E115="",F115=""),"",(E115*F115)/7.5)
G116: =IF(OR(E116="",F116=""),"",E116*F116) | K116: =IF(OR(E116="",F116=""),"",(E116*F116)/7.5)
G117: =IF(OR(E117="",F117=""),"",E117*F117) | K117: =IF(OR(E117="",F117=""),"",(E117*F117)/7.5)
G118: =IF(OR(E118="",F118=""),"",E118*F118) | K118: =IF(OR(E118="",F118=""),"",(E118*F118)/7.5)
G119: =IF(OR(E119="",F119=""),"",E119*F119) | K119: =IF(OR(E119="",F119=""),"",(E119*F119)/7.5)
G120: =IF(OR(E120="",F120=""),"",E120*F120) | K120: =IF(OR(E120="",F120=""),"",(E120*F120)/7.5)
G121: =IF(OR(E121="",F121=""),"",E121*F121) | K121: =IF(OR(E121="",F121=""),"",(E121*F121)/7.5)
G122: =IF(OR(E122="",F122=""),"",E122*F122) | K122: =IF(OR(E122="",F122=""),"",(E122*F122)/7.5)
A123: 총수량 | C123: =SUM(C102:C105) -> 0 | D123: =SUM(D102:D105) -> 0 | E123: =SUM(E102:E122) -> 9 | F123: =IFERROR(G123/E123, 0) -> 1.4444444 | G123: =SUM(G102:G122) -> 13 | K123: =SUM(K102:K122) -> 1.7333333

Sheet 0909
I1: 담당 | J1: 검토 | K1: 확인
A2: (김포)생산공급망 업무일지 | I2: 최용화 | J2: 윤경용 | N2: 초록색상 지우기와 기재 금지
A4: 날짜 | B4: 46274
A6: ■ 제품포장작업
A7: 품명 | B7: 용량/규격 | C7: 수량 | D7: 박스 | E7: 작업시간 | F7: 투입인원수 | G7: 총작업시간 | H7: LINE/구분 | I7: 비고(LOT/NO) | J7: 카테고리 | K7: 작업공수 | L7: 작업자 | M7: 시작 | N7: 끝 | O7: 작업시간
A8: 1AJ40009 / 프로텍 엔진오일소모방지제 | 2L | B8: =IFERROR(__xludf.DUMMYFUNCTION("IFERROR(REGEXEXTRACT(A8,""\| (.+)$""),"""") "),"2L") -> 2L | C8: 78 | D8: 13 | E8: 1 | F8: 4 | G8: =IF(OR(E8="",F8=""),"",E8*F8) -> 4 | H8: 수동1 | I8: 260909 | J8: 기타 | K8: =IF(OR(E8="",F8=""),"",(E8*F8)/7.5) -> 0.53333333 | O8: =IF(OR(M8="",N8=""),"",_xlfn.CEILING.MATH((N8-M8-(MEDIAN(N8,"13:00","12:00")-MEDIAN(M8,"13:00","12:00"))-(MEDIAN(N8,"16:30","16:00")-MEDIAN(M8,"16:30","16:00"))),"0:30")*24)
A9: 1AJ40007 / 프로텍 엔진오일소모방지제 | 0.5L | B9: =IFERROR(__xludf.DUMMYFUNCTION("IFERROR(REGEXEXTRACT(A9,""\| (.+)$""),"""") "),"0.5L") -> 0.5L | C9: 250 | D9: 25 | E9: 0.8 | F9: 4 | G9: =IF(OR(E9="",F9=""),"",E9*F9) -> 3.2 | H9: 수동1 | I9: 260909 | J9: 기타 | K9: =IF(OR(E9="",F9=""),"",(E9*F9)/7.5) -> 0.42666667 | O9: =IF(OR(M9="",N9=""),"",_xlfn.CEILING.MATH((N9-M9-(MEDIAN(N9,"13:00","12:00")-MEDIAN(M9,"13:00","12:00"))-(MEDIAN(N9,"16:30","16:00")-MEDIAN(M9,"16:30","16:00"))),"0:30")*24)
A10: 1AJ40008 / 프로텍 엔진오일소모방지제 | 1L | B10: =IFERROR(__xludf.DUMMYFUNCTION("IFERROR(REGEXEXTRACT(A10,""\| (.+)$""),"""") "),"1L") -> 1L | C10: 200 | D10: 20 | E10: 1 | F10: 4 | G10: =IF(OR(E10="",F10=""),"",E10*F10) -> 4 | H10: 수동1 | I10: 260909 | J10: 기타 | K10: =IF(OR(E10="",F10=""),"",(E10*F10)/7.5) -> 0.53333333 | O10: =IF(OR(M10="",N10=""),"",_xlfn.CEILING.MATH((N10-M10-(MEDIAN(N10,"13:00","12:00")-MEDIAN(M10,"13:00","12:00"))-(MEDIAN(N10,"16:30","16:00")-MEDIAN(M10,"16:30","16:00"))),"0:30")*24)
A11: 2AJ40016 / 디알텍 오일소모방지제 | 0.5L | B11: =IFERROR(__xludf.DUMMYFUNCTION("IFERROR(REGEXEXTRACT(A11,""\| (.+)$""),"""") "),"0.5L") -> 0.5L | C11: 140 | D11: 14 | E11: 1.5 | F11: 4 | G11: =IF(OR(E11="",F11=""),"",E11*F11) -> 6 | H11: 수동1 | I11: 260909 | J11: 기타 | K11: =IF(OR(E11="",F11=""),"",(E11*F11)/7.5) -> 0.8 | O11: =IF(OR(M11="",N11=""),"",_xlfn.CEILING.MATH((N11-M11-(MEDIAN(N11,"13:00","12:00")-MEDIAN(M11,"13:00","12:00"))-(MEDIAN(N11,"16:30","16:00")-MEDIAN(M11,"16:30","16:00"))),"0:30")*24)
A12: 1AH40001 / 프로텍 프리미엄 브레이크액 DOT-4+ | 1L | B12: =IFERROR(__xludf.DUMMYFUNCTION("IFERROR(REGEXEXTRACT(A12,""\| (.+)$""),"""") "),"1L") -> 1L | C12: 204 | D12: 17 | E12: 1 | F12: 3 | G12: =IF(OR(E12="",F12=""),"",E12*F12) -> 3 | H12: 수동3 | I12: 260907 | J12: 브레이크액 | K12: =IF(OR(E12="",F12=""),"",(E12*F12)/7.5) -> 0.4 | O12: =IF(OR(M12="",N12=""),"",_xlfn.CEILING.MATH((N12-M12-(MEDIAN(N12,"13:00","12:00")-MEDIAN(M12,"13:00","12:00"))-(MEDIAN(N12,"16:30","16:00")-MEDIAN(M12,"16:30","16:00"))),"0:30")*24)
B13: =IFERROR(__xludf.DUMMYFUNCTION("IFERROR(REGEXEXTRACT(A13,""\| (.+)$""),"""") "),"") | G13: =IF(OR(E13="",F13=""),"",E13*F13) | K13: =IF(OR(E13="",F13=""),"",(E13*F13)/7.5) | O13: =IF(OR(M13="",N13=""),"",_xlfn.CEILING.MATH((N13-M13-(MEDIAN(N13,"13:00","12:00")-MEDIAN(M13,"13:00","12:00"))-(MEDIAN(N13,"16:30","16:00")-MEDIAN(M13,"16:30","16:00"))),"0:30")*24)
B14: =IFERROR(__xludf.DUMMYFUNCTION("IFERROR(REGEXEXTRACT(A14,""\| (.+)$""),"""") "),"") | G14: =IF(OR(E14="",F14=""),"",E14*F14) | K14: =IF(OR(E14="",F14=""),"",(E14*F14)/7.5) | O14: =IF(OR(M14="",N14=""),"",_xlfn.CEILING.MATH((N14-M14-(MEDIAN(N14,"13:00","12:00")-MEDIAN(M14,"13:00","12:00"))-(MEDIAN(N14,"16:30","16:00")-MEDIAN(M14,"16:30","16:00"))),"0:30")*24)
B15: =IFERROR(__xludf.DUMMYFUNCTION("IFERROR(REGEXEXTRACT(A15,""\| (.+)$""),"""") "),"") | G15: =IF(OR(E15="",F15=""),"",E15*F15) | K15: =IF(OR(E15="",F15=""),"",(E15*F15)/7.5) | O15: =IF(OR(M15="",N15=""),"",_xlfn.CEILING.MATH((N15-M15-(MEDIAN(N15,"13:00","12:00")-MEDIAN(M15,"13:00","12:00"))-(MEDIAN(N15,"16:30","16:00")-MEDIAN(M15,"16:30","16:00"))),"0:30")*24)
B16: =IFERROR(__xludf.DUMMYFUNCTION("IFERROR(REGEXEXTRACT(A16,""\| (.+)$""),"""") "),"") | G16: =IF(OR(E16="",F16=""),"",E16*F16) | K16: =IF(OR(E16="",F16=""),"",(E16*F16)/7.5) | O16: =IF(OR(M16="",N16=""),"",_xlfn.CEILING.MATH((N16-M16-(MEDIAN(N16,"13:00","12:00")-MEDIAN(M16,"13:00","12:00"))-(MEDIAN(N16,"16:30","16:00")-MEDIAN(M16,"16:30","16:00"))),"0:30")*24)
B17: =IFERROR(__xludf.DUMMYFUNCTION("IFERROR(REGEXEXTRACT(A17,""\| (.+)$""),"""") "),"") | G17: =IF(OR(E17="",F17=""),"",E17*F17) | K17: =IF(OR(E17="",F17=""),"",(E17*F17)/7.5)
A18: 총수량 | C18: =SUM(C8:C17) -> 872 | D18: =SUM(D8:D17) -> 89 | E18: =SUM(E8:E17) -> 5.3 | F18: =IFERROR(G18/E18, 0) -> 3.8113208 | G18: =SUM(G8:G17) -> 20.2 | K18: =SUM(K8:K14) -> 2.6933333
A20: ■ 라벨부착작업
A21: 품명 | B21: 용량/규격 | C21: 수량 | D21: 박스 | E21: 작업시간 | F21: 투입인원수 | G21: 총작업시간 | H21: LINE/구분 | I21: 비고(LOT/NO) | J21: 카테고리 | K21: 작업공수 | M21: 시작 | N21: 끝 | O21: 작업시간
A22: DA020119 / 오일소모방지제 2L 라벨 | 116x102 | B22: =IFERROR(__xludf.DUMMYFUNCTION("IFERROR(REGEXEXTRACT(A22,""\| (.+)$""),"""") "),"116x102") -> 116x102 | C22: 80 | E22: 0.3 | F22: 4 | G22: =IF(OR(E22="",F22=""),"",E22*F22) -> 1.2 | H22: 수동 | J22: 기타 | K22: =IF(OR(E22="",F22=""),"",(E22*F22)/7.5) -> 0.16 | O22: =IF(OR(M22="",N22=""),"",_xlfn.CEILING.MATH((N22-M22-(MEDIAN(N22,"13:00","12:00")-MEDIAN(M22,"13:00","12:00"))-(MEDIAN(N22,"16:30","16:00")-MEDIAN(M22,"16:30","16:00"))),"0:30")*24)
A23: DA020117 / 오일소모방지제 500ml 라벨 | 65*110 | B23: =IFERROR(__xludf.DUMMYFUNCTION("IFERROR(REGEXEXTRACT(A23,""\| (.+)$""),"""") "),"65*110") -> 65*110 | C23: 250 | E23: 0.7 | F23: 4 | G23: =IF(OR(E23="",F23=""),"",E23*F23) -> 2.8 | H23: 수동 | J23: 기타 | K23: =IF(OR(E23="",F23=""),"",(E23*F23)/7.5) -> 0.37333333 | O23: =IF(OR(M23="",N23=""),"",_xlfn.CEILING.MATH((N23-M23-(MEDIAN(N23,"13:00","12:00")-MEDIAN(M23,"13:00","12:00"))-(MEDIAN(N23,"16:30","16:00")-MEDIAN(M23,"16:30","16:00"))),"0:30")*24)
A24: DA020118 / 오일소모방지제 1L 라벨 | 202*95 | B24: =IFERROR(__xludf.DUMMYFUNCTION("IFERROR(REGEXEXTRACT(A24,""\| (.+)$""),"""") "),"202*95") -> 202*95 | C24: 200 | E24: 0.5 | F24: 4 | G24: =IF(OR(E24="",F24=""),"",E24*F24) -> 2 | H24: 수동 | J24: 기타 | K24: =IF(OR(E24="",F24=""),"",(E24*F24)/7.5) -> 0.26666667 | O24: =IF(OR(M24="",N24=""),"",_xlfn.CEILING.MATH((N24-M24-(MEDIAN(N24,"13:00","12:00")-MEDIAN(M24,"13:00","12:00"))-(MEDIAN(N24,"16:30","16:00")-MEDIAN(M24,"16:30","16:00"))),"0:30")*24)
A25: OA020581 / 디알텍 오일소모방지제 500ml 라벨 | 65*110 | B25: =IFERROR(__xludf.DUMMYFUNCTION("IFERROR(REGEXEXTRACT(A25,""\| (.+)$""),"""") "),"65*110") -> 65*110 | C25: 200 | E25: 0.5 | F25: 4 | G25: =IF(OR(E25="",F25=""),"",E25*F25) -> 2 | H25: 수동 | J25: 기타 | K25: =IF(OR(E25="",F25=""),"",(E25*F25)/7.5) -> 0.26666667 | O25: =IF(OR(M25="",N25=""),"",_xlfn.CEILING.MATH((N25-M25-(MEDIAN(N25,"13:00","12:00")-MEDIAN(M25,"13:00","12:00"))-(MEDIAN(N25,"16:30","16:00")-MEDIAN(M25,"16:30","16:00"))),"0:30")*24)
B26: =IFERROR(__xludf.DUMMYFUNCTION("IFERROR(REGEXEXTRACT(A26,""\| (.+)$""),"""") "),"") | G26: =IF(OR(E26="",F26=""),"",E26*F26) | K26: =IF(OR(E26="",F26=""),"",(E26*F26)/7.5) | O26: =IF(OR(M26="",N26=""),"",_xlfn.CEILING.MATH((N26-M26-(MEDIAN(N26,"13:00","12:00")-MEDIAN(M26,"13:00","12:00"))-(MEDIAN(N26,"16:30","16:00")-MEDIAN(M26,"16:30","16:00"))),"0:30")*24)
A27: 총수량 | C27: =SUM(C22:C26) -> 730 | D27: =SUM(D22:D26) -> 0 | E27: =SUM(E22:E26) -> 2 | F27: =IFERROR(G27/E27, 0) -> 4 | G27: =SUM(G22:G26) -> 8 | K27: =SUM(K22:K26) -> 1.0666667
A29: ■ 원액생산작업
A30: 품명 | B30: 용량/규격 | C30: 수량 | D30: 포장 | E30: 작업시간 | F30: 투입인원수 | G30: 총작업시간 | H30: LINE/구분 | I30: 비고(LOT/NO) | J30: 카테고리 | K30: 작업공수
A31: 5AB40003 / 엔진코팅제 C | B31: L | C31: 1600 | D31: TOTE | E31: 3 | F31: 1 | G31: =IF(OR(E31="",F31=""),"",E31*F31) -> 3 | H31: BT-2 | I31: G2609090-021 | J31: 엔진코팅제 | K31: =IF(OR(E31="",F31=""),"",(E31*F31)/7.5) -> 0.4
G32: =IF(OR(E32="",F32=""),"",E32*F32) | K32: =IF(OR(E32="",F32=""),"",(E32*F32)/7.5)
G33: =IF(OR(E33="",F33=""),"",E33*F33) | K33: =IF(OR(E33="",F33=""),"",(E33*F33)/7.5)
G34: =IF(OR(E34="",F34=""),"",E34*F34) | K34: =IF(OR(E34="",F34=""),"",(E34*F34)/7.5)
G35: =IF(OR(E35="",F35=""),"",E35*F35) | K35: =IF(OR(E35="",F35=""),"",(E35*F35)/7.5)
A36: 총수량 | C36: =SUM(C31:C35) -> 1600 | E36: =SUM(E28:E35) -> 3 | F36: =IFERROR(G36/E36, 0) -> 3.6666667 | G36: =SUM(G26:G35) -> 11 | K36: =SUM(K31:K35) -> 0.4
A38: ■ 출고내역
A39: 품명 | B39: 용량/규격 | C39: 수량 | D39: 박스 | E39: 거래처 | G39: 확인자 | H39: 운송 | I39: 비고
B40: =IFERROR(__xludf.DUMMYFUNCTION("IFERROR(REGEXEXTRACT(A40,""\| (.+)$""),"""") "),"")
B41: =IFERROR(__xludf.DUMMYFUNCTION("IFERROR(REGEXEXTRACT(A41,""\| (.+)$""),"""") "),"")
B42: =IFERROR(__xludf.DUMMYFUNCTION("IFERROR(REGEXEXTRACT(A42,""\| (.+)$""),"""") "),"")
B43: =IFERROR(__xludf.DUMMYFUNCTION("IFERROR(REGEXEXTRACT(A43,""\| (.+)$""),"""") "),"")
B47: =IFERROR(__xludf.DUMMYFUNCTION("IFERROR(REGEXEXTRACT(A47,""\| (.+)$""),"""") "),"")
A48: 총수량 | C48: =SUM(C40:C47) -> 0
A50: ■ 입고내역
A51: 품명 | B51: 용량/규격 | C51: 수량 | D51: 박스 | E51: 거래처 | G51: 확인자 | H51: 비고
A52: CTWD 0W20 라벨 | B52: EA | C52: 1030 | E52: 대진전산시스템 | G52: 김백철
A65: 총수량 | C65: =SUM(C52:C64) -> 1030
A67: ■ 이동제품
A68: 품명 | B68: 용량/규격 | C68: 단위 | D68: 수량 | E68: 박스 | F68: 차량 | G68: 운반자 | H68: 비고
A69: 썸오일 5W30 | B69: 1L | C69: EA | D69: 360 | E69: 30 | F69: 3.5T | G69: 김희철 | H69: 김포 -> 본사
A70: 카젠 썸오일 5W30 | B70: 1L | C70: EA | D70: 600 | E70: 30 | F70: 3.5T | G70: 김희철 | H70: 김포 -> 본사
A71: 실리콘 스프레이 | B71: 0.42L | C71: EA | D71: 1680 | E71: 84 | F71: 3.5T | G71: 김희철 | H71: 김포 -> 본사
A72: MEG | C72: L | D72: 2000 | F72: 3.5T | G72: 김희철 | H72: 김포 -> 본사
A73: 승진 검정 300(B) 용기 | C73: EA | D73: 9856 | F73: 3.5T | G73: 김희철 | H73: 김포 -> 본사
A74: 0W30 점도스티커 | C74: EA | D74: 500 | F74: 3.5T | G74: 김희철 | H74: 본사 -> 김포
A75: 4T 5W40 점도스티커 | C75: EA | D75: 500 | F75: 3.5T | G75: 김희철 | H75: 본사 -> 김포
A76: 썸오일 아웃박스 | F76: 3.5T | G76: 김희철 | H76: 명세서 수량 누락
A77: ODM 5W30 | C77: L | D77: 300 | F77: 3.5T | G77: 김희철 | H77: 본사 -> 김포
A78: ODM 0W20 | C78: L | D78: 100 | F78: 3.5T | G78: 김희철 | H78: 본사 -> 김포
A79: GT 0W30 | B79: 1L | C79: EA | D79: 60 | E79: 5 | F79: 3.5T | G79: 김희철 | H79: 본사 -> 김포
A80: GT 0W30 용기 | C80: EA | D80: 216 | F80: 3.5T | G80: 김희철 | H80: 본사 -> 김포
A81: 45m/m캡 (검정) | C81: EA | D81: 1000 | F81: 3.5T | G81: 김희철 | H81: 본사 -> 김포
A82: 썸오일 5W30 아웃박스 | C82: EA | D82: 109 | F82: 3.5T | G82: 김희철 | H82: 본사 -> 김포
A83: GT 무라벨 용기 | C83: EA | D83: 3024 | F83: 3.5T | G83: 김희철 | H83: 본사 -> 김포
A84: 썸오일 5W40 | C84: L | D84: 200 | F84: 3.5T | G84: 김희철 | H84: 본사 -> 김포
A85: AZ-37 | C85: L | D85: 100 | F85: 3.5T | G85: 김희철 | H85: 본사 -> 김포
A86: 두리 초록손잡이 용기 | C86: EA | D86: 540 | F86: 3.5T | G86: 김희철 | H86: 본사 -> 김포
A89: 총수량 | C89: =SUM(C69:C80) -> 0 | D89: =SUM(D69:D80) -> 16172
A91: ■ 택배출고현황 | E91: ■ 기타
A92: 구분 | B92: 건수 | C92: 비고
A93: 경동택배
A94: 용차
A95: 납품
A98: 총수량 | B98: =SUM(B93:B97) -> 0
A100: ■ 기타업무
A101: 업무명 | B101: 용량/규격 | C101: 수량 | D101: 단위 | E101: 작업시간 | F101: 투입인원수 | G101: 총작업시간 | H101: 비고 | K101: 작업공수
A102: 부자재 사용량 이카운트 전산 입력 및 GWS 최신화 | E102: 0.4 | F102: 1 | G102: =IF(OR(E102="",F102=""),"",E102*F102) -> 0.4 | H102: 최용화 | K102: =IF(OR(E102="",F102=""),"",(E102*F102)/7.5) -> 0.053333333
A103: 완제품 입,출고 이카운트 전산 입력 및 GWS 최신화 | E103: 0.4 | F103: 1 | G103: =IF(OR(E103="",F103=""),"",E103*F103) -> 0.4 | H103: 최용화 | K103: =IF(OR(E103="",F103=""),"",(E103*F103)/7.5) -> 0.053333333
A104: 업무일지 작성 및 서류 정리 | E104: 0.5 | F104: 1 | G104: =IF(OR(E104="",F104=""),"",E104*F104) -> 0.5 | H104: 최용화 | K104: =IF(OR(E104="",F104=""),"",(E104*F104)/7.5) -> 0.066666667
A105: 김포2공장 점검 / 환기 | E105: 0.5 | F105: 1 | G105: =IF(OR(E105="",F105=""),"",E105*F105) -> 0.5 | H105: 최용화 | K105: =IF(OR(E105="",F105=""),"",(E105*F105)/7.5) -> 0.066666667
A106: 유스엠 미팅 (WMS,MES) | E106: 1.5 | F106: 2 | G106: =IF(OR(E106="",F106=""),"",E106*F106) -> 3 | H106: 윤경용,최용화 | K106: =IF(OR(E106="",F106=""),"",(E106*F106)/7.5) -> 0.4
A107: 본사 이동 물품 준비 및 상,하차 | E107: 0.8 | F107: 1 | G107: =IF(OR(E107="",F107=""),"",E107*F107) -> 0.8 | H107: 최용화 | K107: =IF(OR(E107="",F107=""),"",(E107*F107)/7.5) -> 0.10666667
A108: 물류 이동 오일소모방지제 용기 2공장->1공장 | E108: 0.5 | F108: 1 | G108: =IF(OR(E108="",F108=""),"",E108*F108) -> 0.5 | H108: 최용화 | K108: =IF(OR(E108="",F108=""),"",(E108*F108)/7.5) -> 0.066666667
A109: 물류 이동 S-31 2공장->1공장 | E109: 0.5 | F109: 1 | G109: =IF(OR(E109="",F109=""),"",E109*F109) -> 0.5 | H109: 최용화 | K109: =IF(OR(E109="",F109=""),"",(E109*F109)/7.5) -> 0.066666667
A110: 물류 이동 프로텍 오일소모방지제 아웃박스 2공장->1공장 | E110: 0.5 | F110: 1 | G110: =IF(OR(E110="",F110=""),"",E110*F110) -> 0.5 | H110: 최용화 | K110: =IF(OR(E110="",F110=""),"",(E110*F110)/7.5) -> 0.066666667
A111: 2공장 창고 A동 라인 정리 | E111: 1.5 | F111: 1 | G111: =IF(OR(E111="",F111=""),"",E111*F111) -> 1.5 | H111: 최용화 | K111: =IF(OR(E111="",F111=""),"",(E111*F111)/7.5) -> 0.2
A112: 휴가신청서 작성 (김백철 사원) | E112: 0.1 | F112: 1 | G112: =IF(OR(E112="",F112=""),"",E112*F112) -> 0.1 | H112: 최용화 | K112: =IF(OR(E112="",F112=""),"",(E112*F112)/7.5) -> 0.013333333
A113: 본사 이동 물품 정리 원위치 | E113: 0.5 | F113: 1 | G113: =IF(OR(E113="",F113=""),"",E113*F113) -> 0.5 | H113: 김백철 | K113: =IF(OR(E113="",F113=""),"",(E113*F113)/7.5) -> 0.066666667
G114: =IF(OR(E114="",F114=""),"",E114*F114) | K114: =IF(OR(E114="",F114=""),"",(E114*F114)/7.5)
G115: =IF(OR(E115="",F115=""),"",E115*F115) | K115: =IF(OR(E115="",F115=""),"",(E115*F115)/7.5)
G116: =IF(OR(E116="",F116=""),"",E116*F116) | K116: =IF(OR(E116="",F116=""),"",(E116*F116)/7.5)
G117: =IF(OR(E117="",F117=""),"",E117*F117) | K117: =IF(OR(E117="",F117=""),"",(E117*F117)/7.5)
G118: =IF(OR(E118="",F118=""),"",E118*F118) | K118: =IF(OR(E118="",F118=""),"",(E118*F118)/7.5)
G119: =IF(OR(E119="",F119=""),"",E119*F119) | K119: =IF(OR(E119="",F119=""),"",(E119*F119)/7.5)
G120: =IF(OR(E120="",F120=""),"",E120*F120) | K120: =IF(OR(E120="",F120=""),"",(E120*F120)/7.5)
G121: =IF(OR(E121="",F121=""),"",E121*F121) | K121: =IF(OR(E121="",F121=""),"",(E121*F121)/7.5)
G122: =IF(OR(E122="",F122=""),"",E122*F122) | K122: =IF(OR(E122="",F122=""),"",(E122*F122)/7.5)
A123: 총수량 | C123: =SUM(C102:C105) -> 0 | D123: =SUM(D102:D105) -> 0 | E123: =SUM(E102:E122) -> 7.7 | F123: =IFERROR(G123/E123, 0) -> 1.1948052 | G123: =SUM(G102:G122) -> 9.2 | K123: =SUM(K102:K122) -> 1.2266667

Sheet 0908
I1: 담당 | J1: 검토 | K1: 확인
A2: (김포)생산공급망 업무일지 | I2: 최용화 | J2: 윤경용 | N2: 초록색상 지우기와 기재 금지
A4: 날짜 | B4: 46273
A6: ■ 제품포장작업
A7: 품명 | B7: 용량/규격 | C7: 수량 | D7: 박스 | E7: 작업시간 | F7: 투입인원수 | G7: 총작업시간 | H7: LINE/구분 | I7: 비고(LOT/NO) | J7: 카테고리 | K7: 작업공수 | L7: 작업자 | M7: 시작 | N7: 끝 | O7: 작업시간
A8: 2AA40041 / 스탠다드 100%합성엔진오일 5W30 | 1L | B8: =IFERROR(__xludf.DUMMYFUNCTION("IFERROR(REGEXEXTRACT(A8,""\| (.+)$""),"""") "),"1L") -> 1L | C8: 1116 | D8: 93 | E8: 3 | F8: 3 | G8: =IF(OR(E8="",F8=""),"",E8*F8) -> 9 | H8: 자동 | I8: 260723 | J8: 엔진오일 | K8: =IF(OR(E8="",F8=""),"",(E8*F8)/7.5) -> 1.2 | O8: =IF(OR(M8="",N8=""),"",_xlfn.CEILING.MATH((N8-M8-(MEDIAN(N8,"13:00","12:00")-MEDIAN(M8,"13:00","12:00"))-(MEDIAN(N8,"16:30","16:00")-MEDIAN(M8,"16:30","16:00"))),"0:30")*24)
A9: 1AA40005 / 썸오일 100% 합성엔진오일 5W30 | 1L | B9: =IFERROR(__xludf.DUMMYFUNCTION("IFERROR(REGEXEXTRACT(A9,""\| (.+)$""),"""") "),"1L") -> 1L | C9: 360 | D9: 30 | E9: 1 | F9: 4 | G9: =IF(OR(E9="",F9=""),"",E9*F9) -> 4 | H9: 자동 | I9: 260422 | J9: 엔진오일 | K9: =IF(OR(E9="",F9=""),"",(E9*F9)/7.5) -> 0.53333333 | O9: =IF(OR(M9="",N9=""),"",_xlfn.CEILING.MATH((N9-M9-(MEDIAN(N9,"13:00","12:00")-MEDIAN(M9,"13:00","12:00"))-(MEDIAN(N9,"16:30","16:00")-MEDIAN(M9,"16:30","16:00"))),"0:30")*24)
A10: 2AA40102 / 카젠 썸오일 100% 합성엔진오일 5W30 | 1L | B10: =IFERROR(__xludf.DUMMYFUNCTION("IFERROR(REGEXEXTRACT(A10,""\| (.+)$""),"""") "),"1L") -> 1L | C10: 1200 | D10: 60 | E10: 2.5 | F10: 4 | G10: =IF(OR(E10="",F10=""),"",E10*F10) -> 10 | H10: 자동 | I10: 260422 | J10: 엔진오일 | K10: =IF(OR(E10="",F10=""),"",(E10*F10)/7.5) -> 1.3333333 | O10: =IF(OR(M10="",N10=""),"",_xlfn.CEILING.MATH((N10-M10-(MEDIAN(N10,"13:00","12:00")-MEDIAN(M10,"13:00","12:00"))-(MEDIAN(N10,"16:30","16:00")-MEDIAN(M10,"16:30","16:00"))),"0:30")*24)
A11: 1AH40001 / 프로텍 프리미엄 브레이크액 DOT-4+ | 1L | B11: =IFERROR(__xludf.DUMMYFUNCTION("IFERROR(REGEXEXTRACT(A11,""\| (.+)$""),"""") "),"1L") -> 1L | C11: 192 | D11: 16 | E11: 1 | F11: 4 | G11: =IF(OR(E11="",F11=""),"",E11*F11) -> 4 | H11: 수동3 | I11: 260907 | J11: 브레이크액 | K11: =IF(OR(E11="",F11=""),"",(E11*F11)/7.5) -> 0.53333333 | O11: =IF(OR(M11="",N11=""),"",_xlfn.CEILING.MATH((N11-M11-(MEDIAN(N11,"13:00","12:00")-MEDIAN(M11,"13:00","12:00"))-(MEDIAN(N11,"16:30","16:00")-MEDIAN(M11,"16:30","16:00"))),"0:30")*24)
B12: =IFERROR(__xludf.DUMMYFUNCTION("IFERROR(REGEXEXTRACT(A12,""\| (.+)$""),"""") "),"") | G12: =IF(OR(E12="",F12=""),"",E12*F12) | K12: =IF(OR(E12="",F12=""),"",(E12*F12)/7.5) | O12: =IF(OR(M12="",N12=""),"",_xlfn.CEILING.MATH((N12-M12-(MEDIAN(N12,"13:00","12:00")-MEDIAN(M12,"13:00","12:00"))-(MEDIAN(N12,"16:30","16:00")-MEDIAN(M12,"16:30","16:00"))),"0:30")*24)
B13: =IFERROR(__xludf.DUMMYFUNCTION("IFERROR(REGEXEXTRACT(A13,""\| (.+)$""),"""") "),"") | G13: =IF(OR(E13="",F13=""),"",E13*F13) | K13: =IF(OR(E13="",F13=""),"",(E13*F13)/7.5) | O13: =IF(OR(M13="",N13=""),"",_xlfn.CEILING.MATH((N13-M13-(MEDIAN(N13,"13:00","12:00")-MEDIAN(M13,"13:00","12:00"))-(MEDIAN(N13,"16:30","16:00")-MEDIAN(M13,"16:30","16:00"))),"0:30")*24)
B14: =IFERROR(__xludf.DUMMYFUNCTION("IFERROR(REGEXEXTRACT(A14,""\| (.+)$""),"""") "),"") | G14: =IF(OR(E14="",F14=""),"",E14*F14) | K14: =IF(OR(E14="",F14=""),"",(E14*F14)/7.5) | O14: =IF(OR(M14="",N14=""),"",_xlfn.CEILING.MATH((N14-M14-(MEDIAN(N14,"13:00","12:00")-MEDIAN(M14,"13:00","12:00"))-(MEDIAN(N14,"16:30","16:00")-MEDIAN(M14,"16:30","16:00"))),"0:30")*24)
B15: =IFERROR(__xludf.DUMMYFUNCTION("IFERROR(REGEXEXTRACT(A15,""\| (.+)$""),"""") "),"") | G15: =IF(OR(E15="",F15=""),"",E15*F15) | K15: =IF(OR(E15="",F15=""),"",(E15*F15)/7.5) | O15: =IF(OR(M15="",N15=""),"",_xlfn.CEILING.MATH((N15-M15-(MEDIAN(N15,"13:00","12:00")-MEDIAN(M15,"13:00","12:00"))-(MEDIAN(N15,"16:30","16:00")-MEDIAN(M15,"16:30","16:00"))),"0:30")*24)
B16: =IFERROR(__xludf.DUMMYFUNCTION("IFERROR(REGEXEXTRACT(A16,""\| (.+)$""),"""") "),"") | G16: =IF(OR(E16="",F16=""),"",E16*F16) | K16: =IF(OR(E16="",F16=""),"",(E16*F16)/7.5) | O16: =IF(OR(M16="",N16=""),"",_xlfn.CEILING.MATH((N16-M16-(MEDIAN(N16,"13:00","12:00")-MEDIAN(M16,"13:00","12:00"))-(MEDIAN(N16,"16:30","16:00")-MEDIAN(M16,"16:30","16:00"))),"0:30")*24)
B17: =IFERROR(__xludf.DUMMYFUNCTION("IFERROR(REGEXEXTRACT(A17,""\| (.+)$""),"""") "),"") | G17: =IF(OR(E17="",F17=""),"",E17*F17) | K17: =IF(OR(E17="",F17=""),"",(E17*F17)/7.5)
A18: 총수량 | C18: =SUM(C8:C17) -> 2868 | D18: =SUM(D8:D17) -> 199 | E18: =SUM(E8:E17) -> 7.5 | F18: =IFERROR(G18/E18, 0) -> 3.6 | G18: =SUM(G8:G17) -> 27 | K18: =SUM(K8:K14) -> 3.6
A20: ■ 라벨부착작업
A21: 품명 | B21: 용량/규격 | C21: 수량 | D21: 박스 | E21: 작업시간 | F21: 투입인원수 | G21: 총작업시간 | H21: LINE/구분 | I21: 비고(LOT/NO) | J21: 카테고리 | K21: 작업공수 | M21: 시작 | N21: 끝 | O21: 작업시간
B22: =IFERROR(__xludf.DUMMYFUNCTION("IFERROR(REGEXEXTRACT(A22,""\| (.+)$""),"""") "),"") | G22: =IF(OR(E22="",F22=""),"",E22*F22) | K22: =IF(OR(E22="",F22=""),"",(E22*F22)/7.5) | O22: =IF(OR(M22="",N22=""),"",_xlfn.CEILING.MATH((N22-M22-(MEDIAN(N22,"13:00","12:00")-MEDIAN(M22,"13:00","12:00"))-(MEDIAN(N22,"16:30","16:00")-MEDIAN(M22,"16:30","16:00"))),"0:30")*24)
B23: =IFERROR(__xludf.DUMMYFUNCTION("IFERROR(REGEXEXTRACT(A23,""\| (.+)$""),"""") "),"") | G23: =IF(OR(E23="",F23=""),"",E23*F23) | K23: =IF(OR(E23="",F23=""),"",(E23*F23)/7.5) | O23: =IF(OR(M23="",N23=""),"",_xlfn.CEILING.MATH((N23-M23-(MEDIAN(N23,"13:00","12:00")-MEDIAN(M23,"13:00","12:00"))-(MEDIAN(N23,"16:30","16:00")-MEDIAN(M23,"16:30","16:00"))),"0:30")*24)
B24: =IFERROR(__xludf.DUMMYFUNCTION("IFERROR(REGEXEXTRACT(A24,""\| (.+)$""),"""") "),"") | G24: =IF(OR(E24="",F24=""),"",E24*F24) | K24: =IF(OR(E24="",F24=""),"",(E24*F24)/7.5) | O24: =IF(OR(M24="",N24=""),"",_xlfn.CEILING.MATH((N24-M24-(MEDIAN(N24,"13:00","12:00")-MEDIAN(M24,"13:00","12:00"))-(MEDIAN(N24,"16:30","16:00")-MEDIAN(M24,"16:30","16:00"))),"0:30")*24)
B25: =IFERROR(__xludf.DUMMYFUNCTION("IFERROR(REGEXEXTRACT(A25,""\| (.+)$""),"""") "),"") | G25: =IF(OR(E25="",F25=""),"",E25*F25) | K25: =IF(OR(E25="",F25=""),"",(E25*F25)/7.5) | O25: =IF(OR(M25="",N25=""),"",_xlfn.CEILING.MATH((N25-M25-(MEDIAN(N25,"13:00","12:00")-MEDIAN(M25,"13:00","12:00"))-(MEDIAN(N25,"16:30","16:00")-MEDIAN(M25,"16:30","16:00"))),"0:30")*24)
B26: =IFERROR(__xludf.DUMMYFUNCTION("IFERROR(REGEXEXTRACT(A26,""\| (.+)$""),"""") "),"") | G26: =IF(OR(E26="",F26=""),"",E26*F26) | K26: =IF(OR(E26="",F26=""),"",(E26*F26)/7.5) | O26: =IF(OR(M26="",N26=""),"",_xlfn.CEILING.MATH((N26-M26-(MEDIAN(N26,"13:00","12:00")-MEDIAN(M26,"13:00","12:00"))-(MEDIAN(N26,"16:30","16:00")-MEDIAN(M26,"16:30","16:00"))),"0:30")*24)
A27: 총수량 | C27: =SUM(C22:C26) -> 0 | D27: =SUM(D22:D26) -> 0 | E27: =SUM(E22:E26) -> 0 | F27: =IFERROR(G27/E27, 0) -> 0 | G27: =SUM(G22:G26) -> 0 | K27: =SUM(K22:K26) -> 0
A29: ■ 원액생산작업
A30: 품명 | B30: 용량/규격 | C30: 수량 | D30: 포장 | E30: 작업시간 | F30: 투입인원수 | G30: 총작업시간 | H30: LINE/구분 | I30: 비고(LOT/NO) | J30: 카테고리 | K30: 작업공수
A31: 5AA40035 / 엔진오일 소모방지제 | B31: L | C31: 520 | D31: DM | E31: 3 | F31: 1 | G31: =IF(OR(E31="",F31=""),"",E31*F31) -> 3 | H31: BT-2 | I31: G260908-021 | J31: 기타 | K31: =IF(OR(E31="",F31=""),"",(E31*F31)/7.5) -> 0.4
G32: =IF(OR(E32="",F32=""),"",E32*F32) | K32: =IF(OR(E32="",F32=""),"",(E32*F32)/7.5)
G33: =IF(OR(E33="",F33=""),"",E33*F33) | K33: =IF(OR(E33="",F33=""),"",(E33*F33)/7.5)
G34: =IF(OR(E34="",F34=""),"",E34*F34) | K34: =IF(OR(E34="",F34=""),"",(E34*F34)/7.5)
G35: =IF(OR(E35="",F35=""),"",E35*F35) | K35: =IF(OR(E35="",F35=""),"",(E35*F35)/7.5)
A36: 총수량 | C36: =SUM(C31:C35) -> 520 | E36: =SUM(E28:E35) -> 3 | F36: =IFERROR(G36/E36, 0) -> 1 | G36: =SUM(G26:G35) -> 3 | K36: =SUM(K31:K35) -> 0.4
A38: ■ 출고내역
A39: 품명 | B39: 용량/규격 | C39: 수량 | D39: 박스 | E39: 거래처 | G39: 확인자 | H39: 운송 | I39: 비고
A40: 2AA40044 / 스탠다드 100%합성엔진오일 10W40 | 200L | B40: =IFERROR(__xludf.DUMMYFUNCTION("IFERROR(REGEXEXTRACT(A40,""\| (.+)$""),"""") "),"200L") -> 200L | C40: 12 | E40: 드림컴퍼니 | G40: 최용화 | H40: 용차 | I40: 운송비 154,000원(VAT포함)
A41: 2AH40003 / 디알텍 브레이크액 DOT-4 플러스 | 1L | B41: =IFERROR(__xludf.DUMMYFUNCTION("IFERROR(REGEXEXTRACT(A41,""\| (.+)$""),"""") "),"1L") -> 1L | C41: 720 | D41: 60 | E41: 드림컴퍼니 | G41: 최용화 | H41: 용차
B42: =IFERROR(__xludf.DUMMYFUNCTION("IFERROR(REGEXEXTRACT(A42,""\| (.+)$""),"""") "),"")
B43: =IFERROR(__xludf.DUMMYFUNCTION("IFERROR(REGEXEXTRACT(A43,""\| (.+)$""),"""") "),"")
B47: =IFERROR(__xludf.DUMMYFUNCTION("IFERROR(REGEXEXTRACT(A47,""\| (.+)$""),"""") "),"")
A48: 총수량 | C48: =SUM(C40:C47) -> 732
A50: ■ 입고내역
A51: 품명 | B51: 용량/규격 | C51: 수량 | D51: 박스 | E51: 거래처 | G51: 확인자 | H51: 비고
A52: SK ZIC X7 LS 0W30 | B52: L | C52: 6401 | E52: 안국루브텍 | G52: 윤경용 | H52: 실중량 5,390KG
A53: MEG | B53: KG | C53: 10010 | E53: 케이피한석화학 | G53: 윤경용
A54: 재생드럼(A) 200L용기 | C54: 6 | E54: 대영용기 | G54: 최용화 | H54: 자차-1T/최용화
A65: 총수량 | C65: =SUM(C52:C64) -> 16417
A67: ■ 이동제품
A68: 품명 | B68: 용량/규격 | C68: 단위 | D68: 수량 | E68: 박스 | F68: 차량 | G68: 운반자 | H68: 비고
A69: BPC | B69: 0.7L | C69: EA | D69: 1800 | F69: 1T | G69: 원영준 | H69: 김포 -> 본사
A70: D-40 공토트 | C70: TOTE | D70: 2 | F70: 1T | G70: 원영준 | H70: 본사 -> 김포
A71: MEG | B71: 1000L | C71: TOTE | D71: 2 | F71: 3.5T | G71: 박용채 | H71: 김포 -> 본사
A72: (구)GT아웃박스 | C72: EA | D72: 15 | F72: 3.5T | G72: 박용채 | H72: 김포 -> 본사
A73: BPC | C73: EA | D73: 2700 | F73: 3.5T | G73: 박용채 | H73: 김포 -> 본사
A74: 대성 검정 500 용기 | C74: EA | D74: 3960 | F74: 3.5T | G74: 박용채 | H74: 김포 -> 본사
A75: 실링기 | C75: EA | D75: 1 | F75: 3.5T | G75: 박용채 | H75: 김포 -> 본사
A76: 대성 자주 사각 용기 | C76: EA | D76: 30 | F76: 3.5T | G76: 박용채 | H76: 본사 -> 김포
A77: 대성 펄그레이 용기 | C77: EA | D77: 446 | F77: 3.5T | G77: 박용채 | H77: 본사 -> 김포
A78: 공토트 | C78: TOTE | D78: 7 | F78: 3.5T | G78: 박용채 | H78: 본사 -> 김포
A79: 용기 샘플 | C79: BOX | E79: 1 | F79: 3.5T | G79: 박용채 | H79: 본사 -> 김포
A89: 총수량 | C89: =SUM(C69:C80) -> 0 | D89: =SUM(D69:D80) -> 8963
A91: ■ 택배출고현황 | E91: ■ 기타
A92: 구분 | B92: 건수 | C92: 비고
A93: 경동택배
A94: 용차 | B94: 1
A95: 납품
A98: 총수량 | B98: =SUM(B93:B97) -> 1
A100: ■ 기타업무
A101: 업무명 | B101: 용량/규격 | C101: 수량 | D101: 단위 | E101: 작업시간 | F101: 투입인원수 | G101: 총작업시간 | H101: 비고 | K101: 작업공수
A102: 부자재 사용량 이카운트 전산 입력 및 GWS 최신화 | E102: 0.4 | F102: 1 | G102: =IF(OR(E102="",F102=""),"",E102*F102) -> 0.4 | H102: 최용화 | K102: =IF(OR(E102="",F102=""),"",(E102*F102)/7.5) -> 0.053333333
A103: 완제품 입,출고 이카운트 전산 입력 및 GWS 최신화 | E103: 0.4 | F103: 1 | G103: =IF(OR(E103="",F103=""),"",E103*F103) -> 0.4 | H103: 최용화 | K103: =IF(OR(E103="",F103=""),"",(E103*F103)/7.5) -> 0.053333333
A104: 업무일지 작성 및 서류 정리 | E104: 0.5 | F104: 1 | G104: =IF(OR(E104="",F104=""),"",E104*F104) -> 0.5 | H104: 최용화 | K104: =IF(OR(E104="",F104=""),"",(E104*F104)/7.5) -> 0.066666667
A105: 김포2공장 점검 / 환기 | E105: 0.5 | F105: 1 | G105: =IF(OR(E105="",F105=""),"",E105*F105) -> 0.5 | H105: 최용화 | K105: =IF(OR(E105="",F105=""),"",(E105*F105)/7.5) -> 0.066666667
A106: 김포3공장 전기 공사 교체 현장 감독 | E106: 1 | F106: 1 | G106: =IF(OR(E106="",F106=""),"",E106*F106) -> 1 | H106: 최용화 | K106: =IF(OR(E106="",F106=""),"",(E106*F106)/7.5) -> 0.13333333
A107: 임차인 설비내역서 검토 내선 공사 미팅 | E107: 1.7 | F107: 1 | G107: =IF(OR(E107="",F107=""),"",E107*F107) -> 1.7 | H107: 최용화 | K107: =IF(OR(E107="",F107=""),"",(E107*F107)/7.5) -> 0.22666667
A108: 대영용기 재생드럼 인수 | E108: 1 | F108: 1 | G108: =IF(OR(E108="",F108=""),"",E108*F108) -> 1 | H108: 최용화 | K108: =IF(OR(E108="",F108=""),"",(E108*F108)/7.5) -> 0.13333333
A109: 드림컴퍼니 출하 상차 작업 | E109: 0.5 | F109: 1 | G109: =IF(OR(E109="",F109=""),"",E109*F109) -> 0.5 | H109: 최용화 | K109: =IF(OR(E109="",F109=""),"",(E109*F109)/7.5) -> 0.066666667
A110: 본사 이동 물품 준비 및 상,하차 (1T,원영준 과장) | E110: 0.4 | F110: 1 | G110: =IF(OR(E110="",F110=""),"",E110*F110) -> 0.4 | H110: 김백철 | K110: =IF(OR(E110="",F110=""),"",(E110*F110)/7.5) -> 0.053333333
A111: SK ZIC X7 LS 0W30 BULK 하역작업 | E111: 0.5 | F111: 1 | G111: =IF(OR(E111="",F111=""),"",E111*F111) -> 0.5 | H111: 윤경용(08시 10분 ~ 08시 40분) | K111: =IF(OR(E111="",F111=""),"",(E111*F111)/7.5) -> 0.066666667
A112: MEG BULK 하역작업 | E112: 1 | F112: 1 | G112: =IF(OR(E112="",F112=""),"",E112*F112) -> 1 | H112: 김백철 | K112: =IF(OR(E112="",F112=""),"",(E112*F112)/7.5) -> 0.13333333
A113: MEG TOTE 정리 | E113: 0.5 | F113: 1 | G113: =IF(OR(E113="",F113=""),"",E113*F113) -> 0.5 | H113: 최용화 | K113: =IF(OR(E113="",F113=""),"",(E113*F113)/7.5) -> 0.066666667
A114: 본사 이동 물품 준비 및 상,하차 (3.5T 박용채 부장) | E114: 0.5 | F114: 1 | G114: =IF(OR(E114="",F114=""),"",E114*F114) -> 0.5 | H114: 최용화 | K114: =IF(OR(E114="",F114=""),"",(E114*F114)/7.5) -> 0.066666667
G115: =IF(OR(E115="",F115=""),"",E115*F115) | K115: =IF(OR(E115="",F115=""),"",(E115*F115)/7.5)
G116: =IF(OR(E116="",F116=""),"",E116*F116) | K116: =IF(OR(E116="",F116=""),"",(E116*F116)/7.5)
G117: =IF(OR(E117="",F117=""),"",E117*F117) | K117: =IF(OR(E117="",F117=""),"",(E117*F117)/7.5)
G118: =IF(OR(E118="",F118=""),"",E118*F118) | K118: =IF(OR(E118="",F118=""),"",(E118*F118)/7.5)
G119: =IF(OR(E119="",F119=""),"",E119*F119) | K119: =IF(OR(E119="",F119=""),"",(E119*F119)/7.5)
G120: =IF(OR(E120="",F120=""),"",E120*F120) | K120: =IF(OR(E120="",F120=""),"",(E120*F120)/7.5)
G121: =IF(OR(E121="",F121=""),"",E121*F121) | K121: =IF(OR(E121="",F121=""),"",(E121*F121)/7.5)
G122: =IF(OR(E122="",F122=""),"",E122*F122) | K122: =IF(OR(E122="",F122=""),"",(E122*F122)/7.5)
A123: 총수량 | C123: =SUM(C102:C105) -> 0 | D123: =SUM(D102:D105) -> 0 | E123: =SUM(E102:E122) -> 8.9 | F123: =IFERROR(G123/E123, 0) -> 1 | G123: =SUM(G102:G122) -> 8.9 | K123: =SUM(K102:K122) -> 1.1866667

Sheet 0907
I1: 담당 | J1: 검토 | K1: 확인
A2: (김포)생산공급망 업무일지 | I2: 최용화 | J2: 윤경용 | N2: 초록색상 지우기와 기재 금지
A4: 날짜 | B4: 46272
A6: ■ 제품포장작업
A7: 품명 | B7: 용량/규격 | C7: 수량 | D7: 박스 | E7: 작업시간 | F7: 투입인원수 | G7: 총작업시간 | H7: LINE/구분 | I7: 비고(LOT/NO) | J7: 카테고리 | K7: 작업공수 | L7: 작업자 | M7: 시작 | N7: 끝 | O7: 작업시간
A8: 2AA40035 / 디알텍 100%합성엔진오일 PAO 5W40 | 1L | B8: =IFERROR(__xludf.DUMMYFUNCTION("IFERROR(REGEXEXTRACT(A8,""\| (.+)$""),"""") "),"1L") -> 1L | C8: 720 | D8: 60 | E8: 2 | F8: 3 | G8: =IF(OR(E8="",F8=""),"",E8*F8) -> 6 | H8: 자동 | I8: 260907 | J8: 엔진오일 | K8: =IF(OR(E8="",F8=""),"",(E8*F8)/7.5) -> 0.8 | O8: =IF(OR(M8="",N8=""),"",_xlfn.CEILING.MATH((N8-M8-(MEDIAN(N8,"13:00","12:00")-MEDIAN(M8,"13:00","12:00"))-(MEDIAN(N8,"16:30","16:00")-MEDIAN(M8,"16:30","16:00"))),"0:30")*24)
A9: 2AA40034 / 디알텍 100%합성엔진오일 PAO 5W30 | 1L | B9: =IFERROR(__xludf.DUMMYFUNCTION("IFERROR(REGEXEXTRACT(A9,""\| (.+)$""),"""") "),"1L") -> 1L | C9: 720 | D9: 60 | E9: 2 | F9: 3 | G9: =IF(OR(E9="",F9=""),"",E9*F9) -> 6 | H9: 자동 | I9: 260907 | J9: 엔진오일 | K9: =IF(OR(E9="",F9=""),"",(E9*F9)/7.5) -> 0.8 | O9: =IF(OR(M9="",N9=""),"",_xlfn.CEILING.MATH((N9-M9-(MEDIAN(N9,"13:00","12:00")-MEDIAN(M9,"13:00","12:00"))-(MEDIAN(N9,"16:30","16:00")-MEDIAN(M9,"16:30","16:00"))),"0:30")*24)
A10: 2AH40003 / 디알텍 브레이크액 DOT-4 플러스 | 1L | B10: =IFERROR(__xludf.DUMMYFUNCTION("IFERROR(REGEXEXTRACT(A10,""\| (.+)$""),"""") "),"1L") -> 1L | C10: 348 | D10: 29 | E10: 2 | F10: 3 | G10: =IF(OR(E10="",F10=""),"",E10*F10) -> 6 | H10: 수동3 | I10: 260901 | J10: 브레이크액 | K10: =IF(OR(E10="",F10=""),"",(E10*F10)/7.5) -> 0.8 | O10: =IF(OR(M10="",N10=""),"",_xlfn.CEILING.MATH((N10-M10-(MEDIAN(N10,"13:00","12:00")-MEDIAN(M10,"13:00","12:00"))-(MEDIAN(N10,"16:30","16:00")-MEDIAN(M10,"16:30","16:00"))),"0:30")*24)
A11: 1AH40001 / 프로텍 프리미엄 브레이크액 DOT-4+ | 1L | B11: =IFERROR(__xludf.DUMMYFUNCTION("IFERROR(REGEXEXTRACT(A11,""\| (.+)$""),"""") "),"1L") -> 1L | C11: 72 | D11: 6 | E11: 0.5 | F11: 3 | G11: =IF(OR(E11="",F11=""),"",E11*F11) -> 1.5 | H11: 수동3 | I11: 260907 | J11: 브레이크액 | K11: =IF(OR(E11="",F11=""),"",(E11*F11)/7.5) -> 0.2 | O11: =IF(OR(M11="",N11=""),"",_xlfn.CEILING.MATH((N11-M11-(MEDIAN(N11,"13:00","12:00")-MEDIAN(M11,"13:00","12:00"))-(MEDIAN(N11,"16:30","16:00")-MEDIAN(M11,"16:30","16:00"))),"0:30")*24)
A12: 2AA40041 / 스탠다드 100%합성엔진오일 5W30 | 1L | B12: =IFERROR(__xludf.DUMMYFUNCTION("IFERROR(REGEXEXTRACT(A12,""\| (.+)$""),"""") "),"1L") -> 1L | C12: 324 | D12: 27 | E12: 1 | F12: 3 | G12: =IF(OR(E12="",F12=""),"",E12*F12) -> 3 | H12: 자동 | I12: 260723 | J12: 엔진오일 | K12: =IF(OR(E12="",F12=""),"",(E12*F12)/7.5) -> 0.4 | O12: =IF(OR(M12="",N12=""),"",_xlfn.CEILING.MATH((N12-M12-(MEDIAN(N12,"13:00","12:00")-MEDIAN(M12,"13:00","12:00"))-(MEDIAN(N12,"16:30","16:00")-MEDIAN(M12,"16:30","16:00"))),"0:30")*24)
B13: =IFERROR(__xludf.DUMMYFUNCTION("IFERROR(REGEXEXTRACT(A13,""\| (.+)$""),"""") "),"") | G13: =IF(OR(E13="",F13=""),"",E13*F13) | K13: =IF(OR(E13="",F13=""),"",(E13*F13)/7.5) | O13: =IF(OR(M13="",N13=""),"",_xlfn.CEILING.MATH((N13-M13-(MEDIAN(N13,"13:00","12:00")-MEDIAN(M13,"13:00","12:00"))-(MEDIAN(N13,"16:30","16:00")-MEDIAN(M13,"16:30","16:00"))),"0:30")*24)
B14: =IFERROR(__xludf.DUMMYFUNCTION("IFERROR(REGEXEXTRACT(A14,""\| (.+)$""),"""") "),"") | G14: =IF(OR(E14="",F14=""),"",E14*F14) | K14: =IF(OR(E14="",F14=""),"",(E14*F14)/7.5) | O14: =IF(OR(M14="",N14=""),"",_xlfn.CEILING.MATH((N14-M14-(MEDIAN(N14,"13:00","12:00")-MEDIAN(M14,"13:00","12:00"))-(MEDIAN(N14,"16:30","16:00")-MEDIAN(M14,"16:30","16:00"))),"0:30")*24)
B15: =IFERROR(__xludf.DUMMYFUNCTION("IFERROR(REGEXEXTRACT(A15,""\| (.+)$""),"""") "),"") | G15: =IF(OR(E15="",F15=""),"",E15*F15) | K15: =IF(OR(E15="",F15=""),"",(E15*F15)/7.5) | O15: =IF(OR(M15="",N15=""),"",_xlfn.CEILING.MATH((N15-M15-(MEDIAN(N15,"13:00","12:00")-MEDIAN(M15,"13:00","12:00"))-(MEDIAN(N15,"16:30","16:00")-MEDIAN(M15,"16:30","16:00"))),"0:30")*24) | Q15: 1AH40001 / 프로텍 프리미엄 브레이크액 DOT4+ | 1L
B16: =IFERROR(__xludf.DUMMYFUNCTION("IFERROR(REGEXEXTRACT(A16,""\| (.+)$""),"""") "),"") | G16: =IF(OR(E16="",F16=""),"",E16*F16) | K16: =IF(OR(E16="",F16=""),"",(E16*F16)/7.5) | O16: =IF(OR(M16="",N16=""),"",_xlfn.CEILING.MATH((N16-M16-(MEDIAN(N16,"13:00","12:00")-MEDIAN(M16,"13:00","12:00"))-(MEDIAN(N16,"16:30","16:00")-MEDIAN(M16,"16:30","16:00"))),"0:30")*24)
B17: =IFERROR(__xludf.DUMMYFUNCTION("IFERROR(REGEXEXTRACT(A17,""\| (.+)$""),"""") "),"") | G17: =IF(OR(E17="",F17=""),"",E17*F17) | K17: =IF(OR(E17="",F17=""),"",(E17*F17)/7.5)
A18: 총수량 | C18: =SUM(C8:C17) -> 2184 | D18: =SUM(D8:D17) -> 182 | E18: =SUM(E8:E17) -> 7.5 | F18: =IFERROR(G18/E18, 0) -> 3 | G18: =SUM(G8:G17) -> 22.5 | K18: =SUM(K8:K14) -> 3
A20: ■ 라벨부착작업
A21: 품명 | B21: 용량/규격 | C21: 수량 | D21: 박스 | E21: 작업시간 | F21: 투입인원수 | G21: 총작업시간 | H21: LINE/구분 | I21: 비고(LOT/NO) | J21: 카테고리 | K21: 작업공수 | M21: 시작 | N21: 끝 | O21: 작업시간
A22: OO020606 / 디알텍 엔진오일 PAO 5w30 1L 라벨 | 77.5*142 | B22: =IFERROR(__xludf.DUMMYFUNCTION("IFERROR(REGEXEXTRACT(A22,""\| (.+)$""),"""") "),"77.5*142") -> 77.5*142 | C22: 720 | E22: 2 | F22: 0 | G22: =IF(OR(E22="",F22=""),"",E22*F22) -> 0 | H22: 자동A | J22: 엔진오일 | K22: =IF(OR(E22="",F22=""),"",(E22*F22)/7.5) -> 0 | O22: =IF(OR(M22="",N22=""),"",_xlfn.CEILING.MATH((N22-M22-(MEDIAN(N22,"13:00","12:00")-MEDIAN(M22,"13:00","12:00"))-(MEDIAN(N22,"16:30","16:00")-MEDIAN(M22,"16:30","16:00"))),"0:30")*24)
B23: =IFERROR(__xludf.DUMMYFUNCTION("IFERROR(REGEXEXTRACT(A23,""\| (.+)$""),"""") "),"") | G23: =IF(OR(E23="",F23=""),"",E23*F23) | K23: =IF(OR(E23="",F23=""),"",(E23*F23)/7.5) | O23: =IF(OR(M23="",N23=""),"",_xlfn.CEILING.MATH((N23-M23-(MEDIAN(N23,"13:00","12:00")-MEDIAN(M23,"13:00","12:00"))-(MEDIAN(N23,"16:30","16:00")-MEDIAN(M23,"16:30","16:00"))),"0:30")*24)
B24: =IFERROR(__xludf.DUMMYFUNCTION("IFERROR(REGEXEXTRACT(A24,""\| (.+)$""),"""") "),"") | G24: =IF(OR(E24="",F24=""),"",E24*F24) | K24: =IF(OR(E24="",F24=""),"",(E24*F24)/7.5) | O24: =IF(OR(M24="",N24=""),"",_xlfn.CEILING.MATH((N24-M24-(MEDIAN(N24,"13:00","12:00")-MEDIAN(M24,"13:00","12:00"))-(MEDIAN(N24,"16:30","16:00")-MEDIAN(M24,"16:30","16:00"))),"0:30")*24)
B25: =IFERROR(__xludf.DUMMYFUNCTION("IFERROR(REGEXEXTRACT(A25,""\| (.+)$""),"""") "),"") | G25: =IF(OR(E25="",F25=""),"",E25*F25) | K25: =IF(OR(E25="",F25=""),"",(E25*F25)/7.5) | O25: =IF(OR(M25="",N25=""),"",_xlfn.CEILING.MATH((N25-M25-(MEDIAN(N25,"13:00","12:00")-MEDIAN(M25,"13:00","12:00"))-(MEDIAN(N25,"16:30","16:00")-MEDIAN(M25,"16:30","16:00"))),"0:30")*24)
B26: =IFERROR(__xludf.DUMMYFUNCTION("IFERROR(REGEXEXTRACT(A26,""\| (.+)$""),"""") "),"") | G26: =IF(OR(E26="",F26=""),"",E26*F26) | K26: =IF(OR(E26="",F26=""),"",(E26*F26)/7.5) | O26: =IF(OR(M26="",N26=""),"",_xlfn.CEILING.MATH((N26-M26-(MEDIAN(N26,"13:00","12:00")-MEDIAN(M26,"13:00","12:00"))-(MEDIAN(N26,"16:30","16:00")-MEDIAN(M26,"16:30","16:00"))),"0:30")*24)
A27: 총수량 | C27: =SUM(C22:C26) -> 720 | D27: =SUM(D22:D26) -> 0 | E27: =SUM(E22:E26) -> 2 | F27: =IFERROR(G27/E27, 0) -> 0 | G27: =SUM(G22:G26) -> 0 | K27: =SUM(K22:K26) -> 0
A29: ■ 원액생산작업
A30: 품명 | B30: 용량/규격 | C30: 수량 | D30: 포장 | E30: 작업시간 | F30: 투입인원수 | G30: 총작업시간 | H30: LINE/구분 | I30: 비고(LOT/NO) | J30: 카테고리 | K30: 작업공수
A31: 프리미엄 브레이크액 DOT-4+ (시생산용) | B31: L | C31: 600 | D31: DM | E31: 3 | F31: 1 | G31: =IF(OR(E31="",F31=""),"",E31*F31) -> 3 | H31: BT-6 | I31: G260907-061 | J31: 브레이크액 | K31: =IF(OR(E31="",F31=""),"",(E31*F31)/7.5) -> 0.4
A32: 5AA40008 / ODM 5W30 | B32: L | C32: 3600 | D32: TOTE | E32: 3 | F32: 1 | G32: =IF(OR(E32="",F32=""),"",E32*F32) -> 3 | H32: BT-2 | I32: G260907-021 | J32: 엔진오일 | K32: =IF(OR(E32="",F32=""),"",(E32*F32)/7.5) -> 0.4
A33: 5AA40026 / SUMOIL 5W30 | B33: L | C33: 2540 | D33: TOTE | E33: 3 | F33: 2 | G33: =IF(OR(E33="",F33=""),"",E33*F33) -> 6 | H33: BT-2 | I33: G260907-022 | J33: 엔진오일 | K33: =IF(OR(E33="",F33=""),"",(E33*F33)/7.5) -> 0.8
G34: =IF(OR(E34="",F34=""),"",E34*F34) | K34: =IF(OR(E34="",F34=""),"",(E34*F34)/7.5)
G35: =IF(OR(E35="",F35=""),"",E35*F35) | K35: =IF(OR(E35="",F35=""),"",(E35*F35)/7.5)
A36: 총수량 | C36: =SUM(C31:C35) -> 6740 | E36: =SUM(E28:E35) -> 9 | F36: =IFERROR(G36/E36, 0) -> 1.3333333 | G36: =SUM(G26:G35) -> 12 | K36: =SUM(K31:K35) -> 1.6
A38: ■ 출고내역
A39: 품명 | B39: 용량/규격 | C39: 수량 | D39: 박스 | E39: 거래처 | G39: 확인자 | H39: 운송 | I39: 비고
A40: 2AA40024 / 보크 고스트 100%합성엔진오일 5W30 | 200L | B40: =IFERROR(__xludf.DUMMYFUNCTION("IFERROR(REGEXEXTRACT(A40,""\| (.+)$""),"""") "),"200L") -> 200L | C40: 10 | E40: 보크 | G40: 윤경용 | H40: 용차 | I40: 운송비143,000원(VAT포함)
A41: 2AA40025 / 보크 고스트 100%합성엔진오일 5W40 | 200L | B41: =IFERROR(__xludf.DUMMYFUNCTION("IFERROR(REGEXEXTRACT(A41,""\| (.+)$""),"""") "),"200L") -> 200L | C41: 2 | E41: 보크 | G41: 윤경용 | H41: 용차
A42: 3AA40008 / X-POWER RUKY 5W30 | 1L | B42: =IFERROR(__xludf.DUMMYFUNCTION("IFERROR(REGEXEXTRACT(A42,""\| (.+)$""),"""") "),"1L") -> 1L | C42: 3996 | D42: 333 | E42: 현대상사 | G42: 윤경용 | H42: 용차 | I42: 운송비319,000원(VAT포함)
A43: 5AF40002 / 크린텍 방청윤활제 | kg | B43: =IFERROR(__xludf.DUMMYFUNCTION("IFERROR(REGEXEXTRACT(A43,""\| (.+)$""),"""") "),"kg") -> kg | C43: 3136 | E43: 영일 | G43: 윤경용 | H43: 용차 | I43: 운송비286,000원(VAT포함)
B47: =IFERROR(__xludf.DUMMYFUNCTION("IFERROR(REGEXEXTRACT(A47,""\| (.+)$""),"""") "),"")
A48: 총수량 | C48: =SUM(C40:C47) -> 7144
A50: ■ 입고내역
A51: 품명 | B51: 용량/규격 | C51: 수량 | D51: 박스 | E51: 거래처 | G51: 확인자 | H51: 비고
A52: BF4-1201 | B52: 200L | C52: 28 | D52: DM | E52: 동아특수화학 | G52: 최용화
A65: 총수량 | C65: =SUM(C52:C64) -> 28
A67: ■ 이동제품
A68: 품명 | B68: 용량/규격 | C68: 단위 | D68: 수량 | E68: 박스 | F68: 차량 | G68: 운반자 | H68: 비고
A89: 총수량 | C89: =SUM(C69:C80) -> 0 | D89: =SUM(D69:D80) -> 0
A91: ■ 택배출고현황 | E91: ■ 기타
A92: 구분 | B92: 건수 | C92: 비고
A93: 경동택배
A94: 용차
A95: 납품
A98: 총수량 | B98: =SUM(B93:B97) -> 0
A100: ■ 기타업무
A101: 업무명 | B101: 용량/규격 | C101: 수량 | D101: 단위 | E101: 작업시간 | F101: 투입인원수 | G101: 총작업시간 | H101: 비고 | K101: 작업공수
A102: 부자재 사용량 이카운트 전산 입력 및 GWS 최신화 | E102: 0.4 | F102: 1 | G102: =IF(OR(E102="",F102=""),"",E102*F102) -> 0.4 | H102: 최용화 | K102: =IF(OR(E102="",F102=""),"",(E102*F102)/7.5) -> 0.053333333
A103: 완제품 입,출고 이카운트 전산 입력 및 GWS 최신화 | E103: 0.4 | F103: 1 | G103: =IF(OR(E103="",F103=""),"",E103*F103) -> 0.4 | H103: 최용화 | K103: =IF(OR(E103="",F103=""),"",(E103*F103)/7.5) -> 0.053333333
A104: 업무일지 작성 및 서류 정리 | E104: 0.5 | F104: 1 | G104: =IF(OR(E104="",F104=""),"",E104*F104) -> 0.5 | H104: 최용화 | K104: =IF(OR(E104="",F104=""),"",(E104*F104)/7.5) -> 0.066666667
A105: 김포2공장 점검 / 환기 | E105: 0.5 | F105: 1 | G105: =IF(OR(E105="",F105=""),"",E105*F105) -> 0.5 | H105: 최용화 | K105: =IF(OR(E105="",F105=""),"",(E105*F105)/7.5) -> 0.066666667
A106: 김포3공장 전기 공사 교체 현장 감독 | E106: 1 | F106: 1 | G106: =IF(OR(E106="",F106=""),"",E106*F106) -> 1 | H106: 최용화 | K106: =IF(OR(E106="",F106=""),"",(E106*F106)/7.5) -> 0.13333333
A107: 물류이동 DR PAO 5W30 용기 2공장->1공장 | E107: 0.4 | F107: 1 | G107: =IF(OR(E107="",F107=""),"",E107*F107) -> 0.4 | H107: 최용화 | K107: =IF(OR(E107="",F107=""),"",(E107*F107)/7.5) -> 0.053333333
A108: 물류이동 DR 5W40 PAO 아웃박스 2공장->1공장 | E108: 0.4 | F108: 1 | G108: =IF(OR(E108="",F108=""),"",E108*F108) -> 0.4 | H108: 김세중 | K108: =IF(OR(E108="",F108=""),"",(E108*F108)/7.5) -> 0.053333333
A109: 동산하이테크 미팅 (WMS,MES) | E109: 1 | F109: 1 | G109: =IF(OR(E109="",F109=""),"",E109*F109) -> 1 | H109: 최용화 | K109: =IF(OR(E109="",F109=""),"",(E109*F109)/7.5) -> 0.13333333
A110: 9월7일 MEG 입고분 공토트 배치 | E110: 0.5 | F110: 1 | G110: =IF(OR(E110="",F110=""),"",E110*F110) -> 0.5 | H110: 최용화 | K110: =IF(OR(E110="",F110=""),"",(E110*F110)/7.5) -> 0.066666667
A111: 물류이동 BF4-1201 D/M 2공장->1공장 | E111: 0.4 | F111: 1 | G111: =IF(OR(E111="",F111=""),"",E111*F111) -> 0.4 | H111: 최용화 | K111: =IF(OR(E111="",F111=""),"",(E111*F111)/7.5) -> 0.053333333
A112: 주유소 방문 경유 100L 구매 20L 말통 5EA / 대농식자재 마트 방문 | E112: 1.5 | F112: 1 | G112: =IF(OR(E112="",F112=""),"",E112*F112) -> 1.5 | H112: 최용화 | K112: =IF(OR(E112="",F112=""),"",(E112*F112)/7.5) -> 0.2
A113: 물류이동 사용 부자재 원위치 | E113: 0.7 | F113: 1 | G113: =IF(OR(E113="",F113=""),"",E113*F113) -> 0.7 | H113: 최용화 | K113: =IF(OR(E113="",F113=""),"",(E113*F113)/7.5) -> 0.093333333
... A115: SK ZIC X7 LS 0W30 포장 준비작업 | E115: 0.5 | F115: 1 | G115: =IF(OR(E115="",F115=""),"",E115*F115) -> 0.5 | H115: 김백철 | K115: =IF(OR(E115="",F115=""),"",(E115*F115)/7.5) -> 0.066666667
G116: =IF(OR(E116="",F116=""),"",E116*F116) | K116: =IF(OR(E116="",F116=""),"",(E116*F116)/7.5)
G117: =IF(OR(E117="",F117=""),"",E117*F117) | K117: =IF(OR(E117="",F117=""),"",(E117*F117)/7.5)
G118: =IF(OR(E118="",F118=""),"",E118*F118) | K118: =IF(OR(E118="",F118=""),"",(E118*F118)/7.5)
G119: =IF(OR(E119="",F119=""),"",E119*F119) | K119: =IF(OR(E119="",F119=""),"",(E119*F119)/7.5)
G120: =IF(OR(E120="",F120=""),"",E120*F120) | K120: =IF(OR(E120="",F120=""),"",(E120*F120)/7.5)
G121: =IF(OR(E121="",F121=""),"",E121*F121) | K121: =IF(OR(E121="",F121=""),"",(E121*F121)/7.5)
G122: =IF(OR(E122="",F122=""),"",E122*F122) | K122: =IF(OR(E122="",F122=""),"",(E122*F122)/7.5)
A123: 총수량 | C123: =SUM(C102:C105) -> 0 | D123: =SUM(D102:D105) -> 0 | E123: =SUM(E102:E122) -> 8.7 | F123: =IFERROR(G123/E123, 0) -> 1 | G123: =SUM(G102:G122) -> 8.7 | K123: =SUM(K102:K122) -> 1.16

Sheet 0904
I1: 담당 | J1: 검토 | K1: 확인
A2: (김포)생산공급망 업무일지 | I2: 최용화 | J2: 윤경용 | N2: 초록색상 지우기와 기재 금지
A4: 날짜 | B4: 46269
A6: ■ 제품포장작업
A7: 품명 | B7: 용량/규격 | C7: 수량 | D7: 박스 | E7: 작업시간 | F7: 투입인원수 | G7: 총작업시간 | H7: LINE/구분 | I7: 비고(LOT/NO) | J7: 카테고리 | K7: 작업공수 | L7: 작업자 | M7: 시작 | N7: 끝 | O7: 작업시간
A8: 2AA40032 / 디알텍 100%합성엔진오일 5W30 | 1L | B8: =IFERROR(__xludf.DUMMYFUNCTION("IFERROR(REGEXEXTRACT(A8,""\| (.+)$""),"""") "),"1L") -> 1L | C8: 1440 | D8: 120 | E8: 3 | F8: 3 | G8: =IF(OR(E8="",F8=""),"",E8*F8) -> 9 | H8: 자동 | I8: 260904 | J8: 엔진오일 | K8: =IF(OR(E8="",F8=""),"",(E8*F8)/7.5) -> 1.2 | O8: =IF(OR(M8="",N8=""),"",_xlfn.CEILING.MATH((N8-M8-(MEDIAN(N8,"13:00","12:00")-MEDIAN(M8,"13:00","12:00"))-(MEDIAN(N8,"16:30","16:00")-MEDIAN(M8,"16:30","16:00"))),"0:30")*24)
A9: 2AA40053 / 아디노 100%합성엔진오일 5W30 | 1L | B9: =IFERROR(__xludf.DUMMYFUNCTION("IFERROR(REGEXEXTRACT(A9,""\| (.+)$""),"""") "),"1L") -> 1L | C9: 1440 | D9: 120 | E9: 3 | F9: 3 | G9: =IF(OR(E9="",F9=""),"",E9*F9) -> 9 | H9: 자동 | J9: 엔진오일 | K9: =IF(OR(E9="",F9=""),"",(E9*F9)/7.5) -> 1.2 | O9: =IF(OR(M9="",N9=""),"",_xlfn.CEILING.MATH((N9-M9-(MEDIAN(N9,"13:00","12:00")-MEDIAN(M9,"13:00","12:00"))-(MEDIAN(N9,"16:30","16:00")-MEDIAN(M9,"16:30","16:00"))),"0:30")*24)
A10: 1AA40013 / 미라텍 플러스 100% 합성엔진오일 5W30 | 1L | B10: =IFERROR(__xludf.DUMMYFUNCTION("IFERROR(REGEXEXTRACT(A10,""\| (.+)$""),"""") "),"1L") -> 1L | C10: 720 | D10: 60 | E10: 1.5 | F10: 4 | G10: =IF(OR(E10="",F10=""),"",E10*F10) -> 6 | H10: 자동 | I10: 260904 | J10: 엔진오일 | K10: =IF(OR(E10="",F10=""),"",(E10*F10)/7.5) -> 0.8 | O10: =IF(OR(M10="",N10=""),"",_xlfn.CEILING.MATH((N10-M10-(MEDIAN(N10,"13:00","12:00")-MEDIAN(M10,"13:00","12:00"))-(MEDIAN(N10,"16:30","16:00")-MEDIAN(M10,"16:30","16:00"))),"0:30")*24)
A11: 2AA40024 / 보크 고스트 100%합성엔진오일 5W30 | 200L | B11: =IFERROR(__xludf.DUMMYFUNCTION("IFERROR(REGEXEXTRACT(A11,""\| (.+)$""),"""") "),"200L") -> 200L | C11: 10 | E11: 1 | F11: 2 | G11: =IF(OR(E11="",F11=""),"",E11*F11) -> 2 | H11: BT-2 | I11: G260903-021 | J11: 엔진오일 | K11: =IF(OR(E11="",F11=""),"",(E11*F11)/7.5) -> 0.26666667 | O11: =IF(OR(M11="",N11=""),"",_xlfn.CEILING.MATH((N11-M11-(MEDIAN(N11,"13:00","12:00")-MEDIAN(M11,"13:00","12:00"))-(MEDIAN(N11,"16:30","16:00")-MEDIAN(M11,"16:30","16:00"))),"0:30")*24)
A12: 2AA40025 / 보크 고스트 100%합성엔진오일 5W40 | 200L | B12: =IFERROR(__xludf.DUMMYFUNCTION("IFERROR(REGEXEXTRACT(A12,""\| (.+)$""),"""") "),"200L") -> 200L | C12: 2 | E12: 0.3 | F12: 1 | G12: =IF(OR(E12="",F12=""),"",E12*F12) -> 0.3 | H12: BT-2 | I12: G260904-021 | J12: 엔진오일 | K12: =IF(OR(E12="",F12=""),"",(E12*F12)/7.5) -> 0.04 | O12: =IF(OR(M12="",N12=""),"",_xlfn.CEILING.MATH((N12-M12-(MEDIAN(N12,"13:00","12:00")-MEDIAN(M12,"13:00","12:00"))-(MEDIAN(N12,"16:30","16:00")-MEDIAN(M12,"16:30","16:00"))),"0:30")*24)
B13: =IFERROR(__xludf.DUMMYFUNCTION("IFERROR(REGEXEXTRACT(A13,""\| (.+)$""),"""") "),"") | G13: =IF(OR(E13="",F13=""),"",E13*F13) | K13: =IF(OR(E13="",F13=""),"",(E13*F13)/7.5) | O13: =IF(OR(M13="",N13=""),"",_xlfn.CEILING.MATH((N13-M13-(MEDIAN(N13,"13:00","12:00")-MEDIAN(M13,"13:00","12:00"))-(MEDIAN(N13,"16:30","16:00")-MEDIAN(M13,"16:30","16:00"))),"0:30")*24)
B14: =IFERROR(__xludf.DUMMYFUNCTION("IFERROR(REGEXEXTRACT(A14,""\| (.+)$""),"""") "),"") | G14: =IF(OR(E14="",F14=""),"",E14*F14) | K14: =IF(OR(E14="",F14=""),"",(E14*F14)/7.5) | O14: =IF(OR(M14="",N14=""),"",_xlfn.CEILING.MATH((N14-M14-(MEDIAN(N14,"13:00","12:00")-MEDIAN(M14,"13:00","12:00"))-(MEDIAN(N14,"16:30","16:00")-MEDIAN(M14,"16:30","16:00"))),"0:30")*24)
B15: =IFERROR(__xludf.DUMMYFUNCTION("IFERROR(REGEXEXTRACT(A15,""\| (.+)$""),"""") "),"") | G15: =IF(OR(E15="",F15=""),"",E15*F15) | K15: =IF(OR(E15="",F15=""),"",(E15*F15)/7.5) | O15: =IF(OR(M15="",N15=""),"",_xlfn.CEILING.MATH((N15-M15-(MEDIAN(N15,"13:00","12:00")-MEDIAN(M15,"13:00","12:00"))-(MEDIAN(N15,"16:30","16:00")-MEDIAN(M15,"16:30","16:00"))),"0:30")*24)
B16: =IFERROR(__xludf.DUMMYFUNCTION("IFERROR(REGEXEXTRACT(A16,""\| (.+)$""),"""") "),"") | G16: =IF(OR(E16="",F16=""),"",E16*F16) | K16: =IF(OR(E16="",F16=""),"",(E16*F16)/7.5) | O16: =IF(OR(M16="",N16=""),"",_xlfn.CEILING.MATH((N16-M16-(MEDIAN(N16,"13:00","12:00")-MEDIAN(M16,"13:00","12:00"))-(MEDIAN(N16,"16:30","16:00")-MEDIAN(M16,"16:30","16:00"))),"0:30")*24)
B17: =IFERROR(__xludf.DUMMYFUNCTION("IFERROR(REGEXEXTRACT(A17,""\| (.+)$""),"""") "),"") | G17: =IF(OR(E17="",F17=""),"",E17*F17) | K17: =IF(OR(E17="",F17=""),"",(E17*F17)/7.5)
A18: 총수량 | C18: =SUM(C8:C17) -> 3612 | D18: =SUM(D8:D17) -> 300 | E18: =SUM(E8:E17) -> 8.8 | F18: =IFERROR(G18/E18, 0) -> 2.9886364 | G18: =SUM(G8:G17) -> 26.3 | K18: =SUM(K8:K14) -> 3.5066667
A20: ■ 라벨부착작업
A21: 품명 | B21: 용량/규격 | C21: 수량 | D21: 박스 | E21: 작업시간 | F21: 투입인원수 | G21: 총작업시간 | H21: LINE/구분 | I21: 비고(LOT/NO) | J21: 카테고리 | K21: 작업공수 | M21: 시작 | N21: 끝 | O21: 작업시간
B22: =IFERROR(__xludf.DUMMYFUNCTION("IFERROR(REGEXEXTRACT(A22,""\| (.+)$""),"""") "),"") | G22: =IF(OR(E22="",F22=""),"",E22*F22) | K22: =IF(OR(E22="",F22=""),"",(E22*F22)/7.5) | O22: =IF(OR(M22="",N22=""),"",_xlfn.CEILING.MATH((N22-M22-(MEDIAN(N22,"13:00","12:00")-MEDIAN(M22,"13:00","12:00"))-(MEDIAN(N22,"16:30","16:00")-MEDIAN(M22,"16:30","16:00"))),"0:30")*24)
B23: =IFERROR(__xludf.DUMMYFUNCTION("IFERROR(REGEXEXTRACT(A23,""\| (.+)$""),"""") "),"") | G23: =IF(OR(E23="",F23=""),"",E23*F23) | K23: =IF(OR(E23="",F23=""),"",(E23*F23)/7.5) | O23: =IF(OR(M23="",N23=""),"",_xlfn.CEILING.MATH((N23-M23-(MEDIAN(N23,"13:00","12:00")-MEDIAN(M23,"13:00","12:00"))-(MEDIAN(N23,"16:30","16:00")-MEDIAN(M23,"16:30","16:00"))),"0:30")*24)
B24: =IFERROR(__xludf.DUMMYFUNCTION("IFERROR(REGEXEXTRACT(A24,""\| (.+)$""),"""") "),"") | G24: =IF(OR(E24="",F24=""),"",E24*F24) | K24: =IF(OR(E24="",F24=""),"",(E24*F24)/7.5) | O24: =IF(OR(M24="",N24=""),"",_xlfn.CEILING.MATH((N24-M24-(MEDIAN(N24,"13:00","12:00")-MEDIAN(M24,"13:00","12:00"))-(MEDIAN(N24,"16:30","16:00")-MEDIAN(M24,"16:30","16:00"))),"0:30")*24)
B25: =IFERROR(__xludf.DUMMYFUNCTION("IFERROR(REGEXEXTRACT(A25,""\| (.+)$""),"""") "),"") | G25: =IF(OR(E25="",F25=""),"",E25*F25) | K25: =IF(OR(E25="",F25=""),"",(E25*F25)/7.5) | O25: =IF(OR(M25="",N25=""),"",_xlfn.CEILING.MATH((N25-M25-(MEDIAN(N25,"13:00","12:00")-MEDIAN(M25,"13:00","12:00"))-(MEDIAN(N25,"16:30","16:00")-MEDIAN(M25,"16:30","16:00"))),"0:30")*24)
B26: =IFERROR(__xludf.DUMMYFUNCTION("IFERROR(REGEXEXTRACT(A26,""\| (.+)$""),"""") "),"") | G26: =IF(OR(E26="",F26=""),"",E26*F26) | K26: =IF(OR(E26="",F26=""),"",(E26*F26)/7.5) | O26: =IF(OR(M26="",N26=""),"",_xlfn.CEILING.MATH((N26-M26-(MEDIAN(N26,"13:00","12:00")-MEDIAN(M26,"13:00","12:00"))-(MEDIAN(N26,"16:30","16:00")-MEDIAN(M26,"16:30","16:00"))),"0:30")*24)
A27: 총수량 | C27: =SUM(C22:C26) -> 0 | D27: =SUM(D22:D26) -> 0 | E27: =SUM(E22:E26) -> 0 | F27: =IFERROR(G27/E27, 0) -> 0 | G27: =SUM(G22:G26) -> 0 | K27: =SUM(K22:K26) -> 0
A29: ■ 원액생산작업
A30: 품명 | B30: 용량/규격 | C30: 수량 | D30: 포장 | E30: 작업시간 | F30: 투입인원수 | G30: 총작업시간 | H30: LINE/구분 | I30: 비고(LOT/NO) | J30: 카테고리 | K30: 작업공수
A31: 5AA40010 / ODM 5W40 | B31: L | C31: 788 | D31: TOTE | E31: 1 | F31: 2 | G31: =IF(OR(E31="",F31=""),"",E31*F31) -> 2 | H31: BT-2 | I31: G260904-021 | J31: 엔진오일 | K31: =IF(OR(E31="",F31=""),"",(E31*F31)/7.5) -> 0.26666667
A32: 5AA40008 / ODM 5W30 | B32: L | C32: 3176 | D32: TOTE | E32: 3 | F32: 2 | G32: =IF(OR(E32="",F32=""),"",E32*F32) -> 6 | H32: BT-2 | I32: G260904-022 | J32: 엔진오일 | K32: =IF(OR(E32="",F32=""),"",(E32*F32)/7.5) -> 0.8
A33: 5AA40017 / DR,GP4 - PAO 5W30 | B33: L | C33: 1232 | D33: TOTE | E33: 1 | F33: 2 | G33: =IF(OR(E33="",F33=""),"",E33*F33) -> 2 | H33: BT-2 | I33: G260904-023 | J33: 엔진오일 | K33: =IF(OR(E33="",F33=""),"",(E33*F33)/7.5) -> 0.26666667
A34: 5AA40018 / DR,GP4 - PAO 5W40 | B34: L | C34: 600 | D34: TOTE | E34: 0.5 | F34: 2 | G34: =IF(OR(E34="",F34=""),"",E34*F34) -> 1 | H34: BT-2 | I34: G260904-024 | J34: 엔진오일 | K34: =IF(OR(E34="",F34=""),"",(E34*F34)/7.5) -> 0.13333333
A35: 5AF40002 / 크린텍 방청윤활제 | B35: L | C35: 4000 | D35: TOTE | E35: 2 | F35: 2 | G35: =IF(OR(E35="",F35=""),"",E35*F35) -> 4 | H35: BT-2 | I35: G260904-025 | J35: 기타 | K35: =IF(OR(E35="",F35=""),"",(E35*F35)/7.5) -> 0.53333333
A36: 총수량 | C36: =SUM(C31:C35) -> 9796 | E36: =SUM(E28:E35) -> 7.5 | F36: =IFERROR(G36/E36, 0) -> 2 | G36: =SUM(G26:G35) -> 15 | K36: =SUM(K31:K35) -> 2
A38: ■ 출고내역
A39: 품명 | B39: 용량/규격 | C39: 수량 | D39: 박스 | E39: 거래처 | G39: 확인자 | H39: 운송 | I39: 비고
A40: 프로텍 브레이크액 DOT 4+ 아웃박스 | B40: =IFERROR(__xludf.DUMMYFUNCTION("IFERROR(REGEXEXTRACT(A40,""\| (.+)$""),"""") "),"") | C40: 15장 | E40: 오일스토어 | G40: 윤경용 | H40: 경동택배
B41: =IFERROR(__xludf.DUMMYFUNCTION("IFERROR(REGEXEXTRACT(A41,""\| (.+)$""),"""") "),"")
B42: =IFERROR(__xludf.DUMMYFUNCTION("IFERROR(REGEXEXTRACT(A42,""\| (.+)$""),"""") "),"")
B43: =IFERROR(__xludf.DUMMYFUNCTION("IFERROR(REGEXEXTRACT(A43,""\| (.+)$""),"""") "),"")
B47: =IFERROR(__xludf.DUMMYFUNCTION("IFERROR(REGEXEXTRACT(A47,""\| (.+)$""),"""") "),"")
A48: 총수량 | C48: =SUM(C40:C47) -> 0
A50: ■ 입고내역
A51: 품명 | B51: 용량/규격 | C51: 수량 | D51: 박스 | E51: 거래처 | G51: 확인자 | H51: 비고
A65: 총수량 | C65: =SUM(C52:C64) -> 0
A67: ■ 이동제품
A68: 품명 | B68: 용량/규격 | C68: 단위 | D68: 수량 | E68: 박스 | F68: 차량 | G68: 운반자 | H68: 비고
A89: 총수량 | C89: =SUM(C69:C80) -> 0 | D89: =SUM(D69:D80) -> 0
A91: ■ 택배출고현황 | E91: ■ 기타
A92: 구분 | B92: 건수 | C92: 비고
A93: 경동택배 | B93: 1
A94: 용차
A95: 납품
A98: 총수량 | B98: =SUM(B93:B97) -> 1
A100: ■ 기타업무
A101: 업무명 | B101: 용량/규격 | C101: 수량 | D101: 단위 | E101: 작업시간 | F101: 투입인원수 | G101: 총작업시간 | H101: 비고 | K101: 작업공수
A102: 부자재 사용량 이카운트 전산 입력 및 GWS 최신화 | E102: 0.4 | F102: 1 | G102: =IF(OR(E102="",F102=""),"",E102*F102) -> 0.4 | H102: 최용화 | K102: =IF(OR(E102="",F102=""),"",(E102*F102)/7.5) -> 0.053333333
A103: 완제품 입,출고 이카운트 전산 입력 및 GWS 최신화 | E103: 0.4 | F103: 1 | G103: =IF(OR(E103="",F103=""),"",E103*F103) -> 0.4 | H103: 최용화 | K103: =IF(OR(E103="",F103=""),"",(E103*F103)/7.5) -> 0.053333333
A104: 업무일지 작성 및 서류 정리 | E104: 0.5 | F104: 1 | G104: =IF(OR(E104="",F104=""),"",E104*F104) -> 0.5 | H104: 최용화 | K104: =IF(OR(E104="",F104=""),"",(E104*F104)/7.5) -> 0.066666667
A105: 김포2공장 점검 / 환기 | E105: 0.5 | F105: 1 | G105: =IF(OR(E105="",F105=""),"",E105*F105) -> 0.5 | H105: 최용화 | K105: =IF(OR(E105="",F105=""),"",(E105*F105)/7.5) -> 0.066666667
A106: 김포3공장 ASS 교체 현장 감독 | G106: =IF(OR(E106="",F106=""),"",E106*F106) | K106: =IF(OR(E106="",F106=""),"",(E106*F106)/7.5)
A107: 물류이동 DR 5W30 용기 2공장->1공장 | G107: =IF(OR(E107="",F107=""),"",E107*F107) | K107: =IF(OR(E107="",F107=""),"",(E107*F107)/7.5)
A108: 물류이동 아디노 5w30 용기,45m/m캡(검정) 2공장->1공장
A109: 본사 이동 부자재 원위치
A110: EN-Q 라벨/캡 이동 물품 추적 | G110: =IF(OR(E110="",F110=""),"",E110*F110) | K110: =IF(OR(E110="",F110=""),"",(E110*F110)/7.5)
A111: 물류 이동 온루브 무라벨 용기 2공장->1공장 | G111: =IF(OR(E111="",F111=""),"",E111*F111) | K111: =IF(OR(E111="",F111=""),"",(E111*F111)/7.5)
A112: 장기재고 조사 리스트 작성 전달 | G112: =IF(OR(E112="",F112=""),"",E112*F112) | K112: =IF(OR(E112="",F112=""),"",(E112*F112)/7.5)
A113: 차량운행일지 및 정비일지 정리 | G113: =IF(OR(E113="",F113=""),"",E113*F113) | K113: =IF(OR(E113="",F113=""),"",(E113*F113)/7.5)
G114: =IF(OR(E114="",F114=""),"",E114*F114) | K114: =IF(OR(E114="",F114=""),"",(E114*F114)/7.5)
G115: =IF(OR(E115="",F115=""),"",E115*F115) | K115: =IF(OR(E115="",F115=""),"",(E115*F115)/7.5)
G116: =IF(OR(E116="",F116=""),"",E116*F116) | K116: =IF(OR(E116="",F116=""),"",(E116*F116)/7.5)
G117: =IF(OR(E117="",F117=""),"",E117*F117) | K117: =IF(OR(E117="",F117=""),"",(E117*F117)/7.5)
G118: =IF(OR(E118="",F118=""),"",E118*F118) | K118: =IF(OR(E118="",F118=""),"",(E118*F118)/7.5)
G119: =IF(OR(E119="",F119=""),"",E119*F119) | K119: =IF(OR(E119="",F119=""),"",(E119*F119)/7.5)
G120: =IF(OR(E120="",F120=""),"",E120*F120) | K120: =IF(OR(E120="",F120=""),"",(E120*F120)/7.5)
G121: =IF(OR(E121="",F121=""),"",E121*F121) | K121: =IF(OR(E121="",F121=""),"",(E121*F121)/7.5)
G122: =IF(OR(E122="",F122=""),"",E122*F122) | K122: =IF(OR(E122="",F122=""),"",(E122*F122)/7.5)
A123: 총수량 | C123: =SUM(C102:C105) -> 0 | D123: =SUM(D102:D105) -> 0 | E123: =SUM(E102:E122) -> 1.8 | F123: =IFERROR(G123/E123, 0) -> 1 | G123: =SUM(G102:G122) -> 1.8 | K123: =SUM(K102:K122) -> 0.24

Sheet 0903
I1: 담당 | J1: 검토 | K1: 확인
A2: (김포)생산공급망 업무일지 | I2: 최용화 | J2: 윤경용 | N2: 초록색상 지우기와 기재 금지
A4: 날짜 | B4: 46268
A6: ■ 제품포장작업
A7: 품명 | B7: 용량/규격 | C7: 수량 | D7: 박스 | E7: 작업시간 | F7: 투입인원수 | G7: 총작업시간 | H7: LINE/구분 | I7: 비고(LOT/NO) | J7: 카테고리 | K7: 작업공수 | L7: 작업자 | M7: 시작 | N7: 끝 | O7: 작업시간
A8: 3AA40008 / X-POWER RUKY 5W30 | 1L | B8: =IFERROR(__xludf.DUMMYFUNCTION("IFERROR(REGEXEXTRACT(A8,""\| (.+)$""),"""") "),"1L") -> 1L | C8: 2088 | D8: 174 | E8: 3 | F8: 5 | G8: =IF(OR(E8="",F8=""),"",E8*F8) -> 15 | H8: 자동 | I8: 260902 | J8: 엔진오일 | K8: =IF(OR(E8="",F8=""),"",(E8*F8)/7.5) -> 2 | O8: =IF(OR(M8="",N8=""),"",_xlfn.CEILING.MATH((N8-M8-(MEDIAN(N8,"13:00","12:00")-MEDIAN(M8,"13:00","12:00"))-(MEDIAN(N8,"16:30","16:00")-MEDIAN(M8,"16:30","16:00"))),"0:30")*24)
A9: 2AA40045 / LUKI PREMIUM GOLD 엔진오일 5W30 | 1L | B9: =IFERROR(__xludf.DUMMYFUNCTION("IFERROR(REGEXEXTRACT(A9,""\| (.+)$""),"""") "),"1L") -> 1L | C9: 60 | D9: 5 | E9: 0.5 | F9: 5 | G9: =IF(OR(E9="",F9=""),"",E9*F9) -> 2.5 | H9: 자동 | J9: 엔진오일 | K9: =IF(OR(E9="",F9=""),"",(E9*F9)/7.5) -> 0.33333333 | O9: =IF(OR(M9="",N9=""),"",_xlfn.CEILING.MATH((N9-M9-(MEDIAN(N9,"13:00","12:00")-MEDIAN(M9,"13:00","12:00"))-(MEDIAN(N9,"16:30","16:00")-MEDIAN(M9,"16:30","16:00"))),"0:30")*24)
A10: 3AA40003 / CTWD 100%합성엔진오일 5W30 | 1L | B10: =IFERROR(__xludf.DUMMYFUNCTION("IFERROR(REGEXEXTRACT(A10,""\| (.+)$""),"""") "),"1L") -> 1L | C10: 2004 | D10: 167 | E10: 4 | F10: 4 | G10: =IF(OR(E10="",F10=""),"",E10*F10) -> 16 | H10: 자동 | I10: 260903 | J10: 엔진오일 | K10: =IF(OR(E10="",F10=""),"",(E10*F10)/7.5) -> 2.1333333 | O10: =IF(OR(M10="",N10=""),"",_xlfn.CEILING.MATH((N10-M10-(MEDIAN(N10,"13:00","12:00")-MEDIAN(M10,"13:00","12:00"))-(MEDIAN(N10,"16:30","16:00")-MEDIAN(M10,"16:30","16:00"))),"0:30")*24)
B11: =IFERROR(__xludf.DUMMYFUNCTION("IFERROR(REGEXEXTRACT(A11,""\| (.+)$""),"""") "),"") | G11: =IF(OR(E11="",F11=""),"",E11*F11) | K11: =IF(OR(E11="",F11=""),"",(E11*F11)/7.5) | O11: =IF(OR(M11="",N11=""),"",_xlfn.CEILING.MATH((N11-M11-(MEDIAN(N11,"13:00","12:00")-MEDIAN(M11,"13:00","12:00"))-(MEDIAN(N11,"16:30","16:00")-MEDIAN(M11,"16:30","16:00"))),"0:30")*24)
O12: =IF(OR(M12="",N12=""),"",_xlfn.CEILING.MATH((N12-M12-(MEDIAN(N12,"13:00","12:00")-MEDIAN(M12,"13:00","12:00"))-(MEDIAN(N12,"16:30","16:00")-MEDIAN(M12,"16:30","16:00"))),"0:30")*24)
B13: =IFERROR(__xludf.DUMMYFUNCTION("IFERROR(REGEXEXTRACT(A13,""\| (.+)$""),"""") "),"") | G13: =IF(OR(E13="",F13=""),"",E13*F13) | K13: =IF(OR(E13="",F13=""),"",(E13*F13)/7.5) | O13: =IF(OR(M13="",N13=""),"",_xlfn.CEILING.MATH((N13-M13-(MEDIAN(N13,"13:00","12:00")-MEDIAN(M13,"13:00","12:00"))-(MEDIAN(N13,"16:30","16:00")-MEDIAN(M13,"16:30","16:00"))),"0:30")*24)
B14: =IFERROR(__xludf.DUMMYFUNCTION("IFERROR(REGEXEXTRACT(A14,""\| (.+)$""),"""") "),"") | G14: =IF(OR(E14="",F14=""),"",E14*F14) | K14: =IF(OR(E14="",F14=""),"",(E14*F14)/7.5) | O14: =IF(OR(M14="",N14=""),"",_xlfn.CEILING.MATH((N14-M14-(MEDIAN(N14,"13:00","12:00")-MEDIAN(M14,"13:00","12:00"))-(MEDIAN(N14,"16:30","16:00")-MEDIAN(M14,"16:30","16:00"))),"0:30")*24)
B15: =IFERROR(__xludf.DUMMYFUNCTION("IFERROR(REGEXEXTRACT(A15,""\| (.+)$""),"""") "),"") | G15: =IF(OR(E15="",F15=""),"",E15*F15) | K15: =IF(OR(E15="",F15=""),"",(E15*F15)/7.5) | O15: =IF(OR(M15="",N15=""),"",_xlfn.CEILING.MATH((N15-M15-(MEDIAN(N15,"13:00","12:00")-MEDIAN(M15,"13:00","12:00"))-(MEDIAN(N15,"16:30","16:00")-MEDIAN(M15,"16:30","16:00"))),"0:30")*24)
B16: =IFERROR(__xludf.DUMMYFUNCTION("IFERROR(REGEXEXTRACT(A16,""\| (.+)$""),"""") "),"") | G16: =IF(OR(E16="",F16=""),"",E16*F16) | K16: =IF(OR(E16="",F16=""),"",(E16*F16)/7.5) | O16: =IF(OR(M16="",N16=""),"",_xlfn.CEILING.MATH((N16-M16-(MEDIAN(N16,"13:00","12:00")-MEDIAN(M16,"13:00","12:00"))-(MEDIAN(N16,"16:30","16:00")-MEDIAN(M16,"16:30","16:00"))),"0:30")*24)
B17: =IFERROR(__xludf.DUMMYFUNCTION("IFERROR(REGEXEXTRACT(A17,""\| (.+)$""),"""") "),"") | G17: =IF(OR(E17="",F17=""),"",E17*F17) | K17: =IF(OR(E17="",F17=""),"",(E17*F17)/7.5)
A18: 총수량 | C18: =SUM(C8:C17) -> 4152 | D18: =SUM(D8:D17) -> 346 | E18: =SUM(E8:E17) -> 7.5 | F18: =IFERROR(G18/E18, 0) -> 4.4666667 | G18: =SUM(G8:G17) -> 33.5 | K18: =SUM(K8:K14) -> 4.4666667
A20: ■ 라벨부착작업
A21: 품명 | B21: 용량/규격 | C21: 수량 | D21: 박스 | E21: 작업시간 | F21: 투입인원수 | G21: 총작업시간 | H21: LINE/구분 | I21: 비고(LOT/NO) | J21: 카테고리 | K21: 작업공수 | M21: 시작 | N21: 끝 | O21: 작업시간
A22: OO020671 / CTWD 엔진오일 5W-30 1L 라벨 | 77.5*142 | B22: =IFERROR(__xludf.DUMMYFUNCTION("IFERROR(REGEXEXTRACT(A22,""\| (.+)$""),"""") "),"77.5*142") -> 77.5*142 | C22: 2004 | D22: 167 | E22: 4 | F22: 0 | G22: =IF(OR(E22="",F22=""),"",E22*F22) -> 0 | H22: 자동A | I22: 260903 | J22: 엔진오일 | K22: =IF(OR(E22="",F22=""),"",(E22*F22)/7.5) -> 0 | O22: =IF(OR(M22="",N22=""),"",_xlfn.CEILING.MATH((N22-M22-(MEDIAN(N22,"13:00","12:00")-MEDIAN(M22,"13:00","12:00"))-(MEDIAN(N22,"16:30","16:00")-MEDIAN(M22,"16:30","16:00"))),"0:30")*24)
B23: =IFERROR(__xludf.DUMMYFUNCTION("IFERROR(REGEXEXTRACT(A23,""\| (.+)$""),"""") "),"") | G23: =IF(OR(E23="",F23=""),"",E23*F23) | K23: =IF(OR(E23="",F23=""),"",(E23*F23)/7.5) | O23: =IF(OR(M23="",N23=""),"",_xlfn.CEILING.MATH((N23-M23-(MEDIAN(N23,"13:00","12:00")-MEDIAN(M23,"13:00","12:00"))-(MEDIAN(N23,"16:30","16:00")-MEDIAN(M23,"16:30","16:00"))),"0:30")*24)
B24: =IFERROR(__xludf.DUMMYFUNCTION("IFERROR(REGEXEXTRACT(A24,""\| (.+)$""),"""") "),"") | G24: =IF(OR(E24="",F24=""),"",E24*F24) | K24: =IF(OR(E24="",F24=""),"",(E24*F24)/7.5) | O24: =IF(OR(M24="",N24=""),"",_xlfn.CEILING.MATH((N24-M24-(MEDIAN(N24,"13:00","12:00")-MEDIAN(M24,"13:00","12:00"))-(MEDIAN(N24,"16:30","16:00")-MEDIAN(M24,"16:30","16:00"))),"0:30")*24)
B25: =IFERROR(__xludf.DUMMYFUNCTION("IFERROR(REGEXEXTRACT(A25,""\| (.+)$""),"""") "),"") | G25: =IF(OR(E25="",F25=""),"",E25*F25) | K25: =IF(OR(E25="",F25=""),"",(E25*F25)/7.5) | O25: =IF(OR(M25="",N25=""),"",_xlfn.CEILING.MATH((N25-M25-(MEDIAN(N25,"13:00","12:00")-MEDIAN(M25,"13:00","12:00"))-(MEDIAN(N25,"16:30","16:00")-MEDIAN(M25,"16:30","16:00"))),"0:30")*24)
B26: =IFERROR(__xludf.DUMMYFUNCTION("IFERROR(REGEXEXTRACT(A26,""\| (.+)$""),"""") "),"") | G26: =IF(OR(E26="",F26=""),"",E26*F26) | K26: =IF(OR(E26="",F26=""),"",(E26*F26)/7.5) | O26: =IF(OR(M26="",N26=""),"",_xlfn.CEILING.MATH((N26-M26-(MEDIAN(N26,"13:00","12:00")-MEDIAN(M26,"13:00","12:00"))-(MEDIAN(N26,"16:30","16:00")-MEDIAN(M26,"16:30","16:00"))),"0:30")*24)
A27: 총수량 | C27: =SUM(C22:C26) -> 2004 | D27: =SUM(D22:D26) -> 167 | E27: =SUM(E22:E26) -> 4 | F27: =IFERROR(G27/E27, 0) -> 0 | G27: =SUM(G22:G26) -> 0 | K27: =SUM(K22:K26) -> 0
A29: ■ 원액생산작업
A30: 품명 | B30: 용량/규격 | C30: 수량 | D30: 포장 | E30: 작업시간 | F30: 투입인원수 | G30: 총작업시간 | H30: LINE/구분 | I30: 비고(LOT/NO) | J30: 카테고리 | K30: 작업공수
A31: 프리미엄 브레이크액 DOT-4+ (시생산용) | B31: L | C31: 600 | D31: DM | E31: 2.5 | F31: 1 | G31: =IF(OR(E31="",F31=""),"",E31*F31) -> 2.5 | H31: BT-6 | I31: G260903-061 | J31: 브레이크액 | K31: =IF(OR(E31="",F31=""),"",(E31*F31)/7.5) -> 0.33333333
A32: 5AA40008 / ODM 5W30 | B32: L | C32: 2753 | D32: DM | E32: 2.5 | F32: 1 | G32: =IF(OR(E32="",F32=""),"",E32*F32) -> 2.5 | H32: BT-2 | I32: G260903-021 | J32: 엔진오일 | K32: =IF(OR(E32="",F32=""),"",(E32*F32)/7.5) -> 0.33333333
G33: =IF(OR(E33="",F33=""),"",E33*F33) | K33: =IF(OR(E33="",F33=""),"",(E33*F33)/7.5)
G34: =IF(OR(E34="",F34=""),"",E34*F34) | K34: =IF(OR(E34="",F34=""),"",(E34*F34)/7.5)
G35: =IF(OR(E35="",F35=""),"",E35*F35) | K35: =IF(OR(E35="",F35=""),"",(E35*F35)/7.5)
A36: 총수량 | C36: =SUM(C31:C35) -> 3353 | E36: =SUM(E28:E35) -> 5 | F36: =IFERROR(G36/E36, 0) -> 1 | G36: =SUM(G26:G35) -> 5 | K36: =SUM(K31:K35) -> 0.66666667
A38: ■ 출고내역
A39: 품명 | B39: 용량/규격 | C39: 수량 | D39: 박스 | E39: 거래처 | G39: 확인자 | H39: 운송 | I39: 비고
B40: =IFERROR(__xludf.DUMMYFUNCTION("IFERROR(REGEXEXTRACT(A40,""\| (.+)$""),"""") "),"")
B41: =IFERROR(__xludf.DUMMYFUNCTION("IFERROR(REGEXEXTRACT(A41,""\| (.+)$""),"""") "),"")
B42: =IFERROR(__xludf.DUMMYFUNCTION("IFERROR(REGEXEXTRACT(A42,""\| (.+)$""),"""") "),"")
B43: =IFERROR(__xludf.DUMMYFUNCTION("IFERROR(REGEXEXTRACT(A43,""\| (.+)$""),"""") "),"")
B47: =IFERROR(__xludf.DUMMYFUNCTION("IFERROR(REGEXEXTRACT(A47,""\| (.+)$""),"""") "),"")
A48: 총수량 | C48: =SUM(C40:C47) -> 0
A50: ■ 입고내역
A51: 품명 | B51: 용량/규격 | C51: 수량 | D51: 박스 | E51: 거래처 | G51: 확인자 | H51: 비고
A52: SK ZIC X9 ZERO 0W20 | B52: L | C52: 8027 | E52: 안국루브텍 | G52: 윤경용 | H52: 실중량 6,760KG/비중 0.8422
A65: 총수량 | C65: =SUM(C52:C64) -> 8027
A67: ■ 이동제품
A68: 품명 | B68: 용량/규격 | C68: 단위 | D68: 수량 | E68: 박스 | F68: 차량 | G68: 운반자 | H68: 비고
A69: 로트 마킹기 | C69: 대 | D69: 1 | H69: 김포 -> 본사
A70: 카트리지 | C70: EA | D70: 2 | H70: 김포 -> 본사
A71: 루키 5W30 | B71: 1L | C71: EA | D71: 60 | E71: 5 | H71: 김포 -> 본사
A72: 썸오일 0W30 | B72: 1L | C72: EA | D72: 360 | E72: 30 | H72: 김포 -> 본사
A73: 썸오일 10W40 | B73: 20L | C73: PAIL | D73: 20 | H73: 김포 -> 본사
A74: 승진 검정 용기 300ml 구형(A) | C74: EA | D74: 3520 | H74: 김포 -> 본사
A75: 대성 자주 500ML 용기 | C75: EA | D75: 20 | H75: 본사->김포
A76: 오일소모방지제 용기 | C76: EA | D76: 8 | H76: 본사->김포
A77: EN-Q 잔량 라벨 / 캡 | H77: 누락
A78: 파워블러드 5W30 라벨 | C78: EA | D78: 400 | H78: 본사->김포
A79: GT 0W30 점도스티커 | C79: EA | D79: 450 | H79: 본사->김포
A80: GT 0W20 점도스티커 | C80: EA | D80: 80 | H80: 본사->김포
A81: 스탠다드 5W40 라벨 | C81: EA | D81: 2900 | H81: 본사->김포
A82: 썸오일 4T 5W40 라벨 | C82: EA | D82: 2800 | H82: 본사->김포
A83: D-40 원액 | B83: 1000L | C83: TOTE | D83: 2 | H83: 본사->김포
A84: 엔진코팅제 20L 말통 | C84: EA | D84: 30 | H84: 본사->김포
A85: DR 5W30 용기 | B85: 1L | C85: EA | D85: 260 | H85: 본사->김포
A86: 미라텍 플러스 5W30 용기 | B86: 1L | C86: EA | D86: 230 | H86: 본사->김포
A87: 대성 검정 사각 용기 | B87: 1L | C87: EA | D87: 28 | H87: 본사->김포
A88: 넘버원 5W30 용기 | B88: 1L | C88: EA | D88: 56 | H88: 본사->김포
A89: 대성 1L 펄블루 용기 | B89: 1L | C89: EA | D89: 50 | H89: 본사->김포
A90: 넘버원 5W30 아웃박스 | B90: 1L | C90: EA | D90: 10 | H90: 본사->김포
A91: DR 5W30 아웃박스 | B91: 1L | C91: EA | D91: 20 | H91: 본사->김포
A92: 스탠다드 5W30 아웃박스 | B92: 1L | C92: EA | D92: 10 | H92: 본사->김포
A93: 스탠다드 5W40 아웃박스 | B93: 1L | C93: EA | D93: 7 | H93: 본사->김포
A94: 미라텍 5W30 아웃박스 | B94: 1L | C94: EA | D94: 5 | H94: 본사->김포
A95: 오일소모방지제 아웃박스 | B95: 1L | C95: EA | D95: 10 | H95: 본사->김포
A96: 단캡 (펄블루) | B96: 1L | C96: EA | D96: 250 | H96: 본사->김포
... A101: TEF1 0W30 아웃박스 | B101: 1L | C101: EA | D101: 2 | H101: 본사->김포
A102: 무지 45m/m 캡 | C102: EA | D102: 600 | H102: 본사->김포
A103: 대성 흑진주 용기 | B103: 1L | C103: EA | D103: 20 | H103: 본사->김포
A104: 대성 검정 사각 용기 | B104: 1L | C104: EA | D104: 120 | H104: 본사->김포
A105: 오일소모방지제 캡 | C105: EA | D105: 300 | H105: 본사->김포
A108: 총수량 | C108: =SUM(C69:C80) -> 0 | D108: =SUM(D69:D80) -> 4921
A110: ■ 택배출고현황 | E110: ■ 기타
A111: 구분 | B111: 건수 | C111: 비고
A112: 경동택배
A113: 용차
A114: 납품
A117: 총수량 | B117: =SUM(B112:B116) -> 0
A119: ■ 기타업무
A120: 업무명 | B120: 용량/규격 | C120: 수량 | D120: 단위 | E120: 작업시간 | F120: 투입인원수 | G120: 총작업시간 | H120: 비고 | K120: 작업공수
A121: 부자재 사용량 이카운트 전산 입력 및 GWS 최신화 | E121: 0.4 | F121: 1 | G121: =IF(OR(E121="",F121=""),"",E121*F121) -> 0.4 | H121: 최용화 | K121: =IF(OR(E121="",F121=""),"",(E121*F121)/7.5) -> 0.053333333
A122: 완제품 입,출고 이카운트 전산 입력 및 GWS 최신화 | E122: 0.4 | F122: 1 | G122: =IF(OR(E122="",F122=""),"",E122*F122) -> 0.4 | H122: 최용화 | K122: =IF(OR(E122="",F122=""),"",(E122*F122)/7.5) -> 0.053333333
A123: 업무일지 작성 및 서류 정리 | E123: 0.5 | F123: 1 | G123: =IF(OR(E123="",F123=""),"",E123*F123) -> 0.5 | H123: 최용화 | K123: =IF(OR(E123="",F123=""),"",(E123*F123)/7.5) -> 0.066666667
A124: 김포2공장 점검 / 환기 | E124: 0.5 | F124: 1 | G124: =IF(OR(E124="",F124=""),"",E124*F124) -> 0.5 | H124: 최용화 | K124: =IF(OR(E124="",F124=""),"",(E124*F124)/7.5) -> 0.066666667
A125: 우수포장,다온툴,미래전기 방문 (자재,소모품 구매) | E125: 0.7 | F125: 1 | G125: =IF(OR(E125="",F125=""),"",E125*F125) -> 0.7 | H125: 최용화 | K125: =IF(OR(E125="",F125=""),"",(E125*F125)/7.5) -> 0.093333333
A126: 정기 재고조사 | E126: 0.5 | F126: 1 | G126: =IF(OR(E126="",F126=""),"",E126*F126) -> 0.5 | H126: 최용화 | K126: =IF(OR(E126="",F126=""),"",(E126*F126)/7.5) -> 0.066666667
A127: GWS 부자재 최신화 | E127: 4 | F127: 1 | G127: =IF(OR(E127="",F127=""),"",E127*F127) -> 4 | H127: 최용화 | K127: =IF(OR(E127="",F127=""),"",(E127*F127)/7.5) -> 0.53333333
A128: 외등 공사 준비 자재 이동 | E128: 0.5 | F128: 1 | G128: =IF(OR(E128="",F128=""),"",E128*F128) -> 0.5 | H128: 최용화 | K128: =IF(OR(E128="",F128=""),"",(E128*F128)/7.5) -> 0.066666667
A129: 본사 요청 이동 부자재 준비 및 Packing | E129: 0.5 | F129: 1 | G129: =IF(OR(E129="",F129=""),"",E129*F129) -> 0.5 | H129: 최용화 | K129: =IF(OR(E129="",F129=""),"",(E129*F129)/7.5) -> 0.066666667
A130: 본사 이동 물품 준비 및 상,하차 | E130: 0.5 | F130: 1 | G130: =IF(OR(E130="",F130=""),"",E130*F130) -> 0.5 | H130: 최용화 | K130: =IF(OR(E130="",F130=""),"",(E130*F130)/7.5) -> 0.066666667
A131: SK ZIC X9 ZERO 0W20 BULK 하역작업 | E131: 0.5 | F131: 1 | G131: =IF(OR(E131="",F131=""),"",E131*F131) -> 0.5 | H131: 윤경용(08시 10분 ~ 08시 40분) | K131: =IF(OR(E131="",F131=""),"",(E131*F131)/7.5) -> 0.066666667
G132: =IF(OR(E132="",F132=""),"",E132*F132) | K132: =IF(OR(E132="",F132=""),"",(E132*F132)/7.5)
...

Sheet 0902
I1: 담당 | J1: 검토 | K1: 확인
A2: (김포)생산공급망 업무일지 | I2: 최용화 | J2: 윤경용 | N2: 초록색상 지우기와 기재 금지
A4: 날짜 | B4: 46267
A6: ■ 제품포장작업
A7: 품명 | B7: 용량/규격 | C7: 수량 | D7: 박스 | E7: 작업시간 | F7: 투입인원수 | G7: 총작업시간 | H7: LINE/구분 | I7: 비고(LOT/NO) | J7: 카테고리 | K7: 작업공수 | L7: 작업자 | M7: 시작 | N7: 끝 | O7: 작업시간
A8: 2AH40003 / 디알텍 브레이크액 DOT-4 플러스 | 1L | B8: =IFERROR(__xludf.DUMMYFUNCTION("IFERROR(REGEXEXTRACT(A8,""\| (.+)$""),"""") "),"1L") -> 1L | C8: 192 | D8: 16 | E8: 1 | F8: 2 | G8: =IF(OR(E8="",F8=""),"",E8*F8) -> 2 | H8: 수동3 | I8: 260901 | J8: 브레이크액 | K8: =IF(OR(E8="",F8=""),"",(E8*F8)/7.5) -> 0.26666667 | O8: =IF(OR(M8="",N8=""),"",_xlfn.CEILING.MATH((N8-M8-(MEDIAN(N8,"13:00","12:00")-MEDIAN(M8,"13:00","12:00"))-(MEDIAN(N8,"16:30","16:00")-MEDIAN(M8,"16:30","16:00"))),"0:30")*24)
A9: 2AA40058 / 세양 TORENO GOLD 100%합성엔진오일 5W30 | 1L | B9: =IFERROR(__xludf.DUMMYFUNCTION("IFERROR(REGEXEXTRACT(A9,""\| (.+)$""),"""") "),"1L") -> 1L | C9: 468 | D9: 39 | E9: 2.5 | F9: 3 | G9: =IF(OR(E9="",F9=""),"",E9*F9) -> 7.5 | H9: 자동 | I9: 260901 | J9: 엔진오일 | K9: =IF(OR(E9="",F9=""),"",(E9*F9)/7.5) -> 1 | O9: =IF(OR(M9="",N9=""),"",_xlfn.CEILING.MATH((N9-M9-(MEDIAN(N9,"13:00","12:00")-MEDIAN(M9,"13:00","12:00"))-(MEDIAN(N9,"16:30","16:00")-MEDIAN(M9,"16:30","16:00"))),"0:30")*24)
A10: 1AA40003 / 썸오일 100% 합성엔진오일 0W30 | 1L | B10: =IFERROR(__xludf.DUMMYFUNCTION("IFERROR(REGEXEXTRACT(A10,""\| (.+)$""),"""") "),"1L") -> 1L | C10: 360 | D10: 30 | E10: 1.5 | F10: 4 | G10: =IF(OR(E10="",F10=""),"",E10*F10) -> 6 | H10: 자동 | I10: 260902 | J10: 엔진오일 | K10: =IF(OR(E10="",F10=""),"",(E10*F10)/7.5) -> 0.8 | O10: =IF(OR(M10="",N10=""),"",_xlfn.CEILING.MATH((N10-M10-(MEDIAN(N10,"13:00","12:00")-MEDIAN(M10,"13:00","12:00"))-(MEDIAN(N10,"16:30","16:00")-MEDIAN(M10,"16:30","16:00"))),"0:30")*24)
A11: 3AA40008 / X-POWER RUKY 5W30 | 1L | B11: =IFERROR(__xludf.DUMMYFUNCTION("IFERROR(REGEXEXTRACT(A11,""\| (.+)$""),"""") "),"1L") -> 1L | C11: 1908 | D11: 159 | E11: 5 | F11: 4 | G11: =IF(OR(E11="",F11=""),"",E11*F11) -> 20 | H11: 자동 | I11: 260902 | J11: 엔진오일 | K11: =IF(OR(E11="",F11=""),"",(E11*F11)/7.5) -> 2.6666667 | O11: =IF(OR(M11="",N11=""),"",_xlfn.CEILING.MATH((N11-M11-(MEDIAN(N11,"13:00","12:00")-MEDIAN(M11,"13:00","12:00"))-(MEDIAN(N11,"16:30","16:00")-MEDIAN(M11,"16:30","16:00"))),"0:30")*24)
O12: =IF(OR(M12="",N12=""),"",_xlfn.CEILING.MATH((N12-M12-(MEDIAN(N12,"13:00","12:00")-MEDIAN(M12,"13:00","12:00"))-(MEDIAN(N12,"16:30","16:00")-MEDIAN(M12,"16:30","16:00"))),"0:30")*24)
B13: =IFERROR(__xludf.DUMMYFUNCTION("IFERROR(REGEXEXTRACT(A13,""\| (.+)$""),"""") "),"") | G13: =IF(OR(E13="",F13=""),"",E13*F13) | K13: =IF(OR(E13="",F13=""),"",(E13*F13)/7.5) | O13: =IF(OR(M13="",N13=""),"",_xlfn.CEILING.MATH((N13-M13-(MEDIAN(N13,"13:00","12:00")-MEDIAN(M13,"13:00","12:00"))-(MEDIAN(N13,"16:30","16:00")-MEDIAN(M13,"16:30","16:00"))),"0:30")*24)
B14: =IFERROR(__xludf.DUMMYFUNCTION("IFERROR(REGEXEXTRACT(A14,""\| (.+)$""),"""") "),"") | G14: =IF(OR(E14="",F14=""),"",E14*F14) | K14: =IF(OR(E14="",F14=""),"",(E14*F14)/7.5) | O14: =IF(OR(M14="",N14=""),"",_xlfn.CEILING.MATH((N14-M14-(MEDIAN(N14,"13:00","12:00")-MEDIAN(M14,"13:00","12:00"))-(MEDIAN(N14,"16:30","16:00")-MEDIAN(M14,"16:30","16:00"))),"0:30")*24)
B15: =IFERROR(__xludf.DUMMYFUNCTION("IFERROR(REGEXEXTRACT(A15,""\| (.+)$""),"""") "),"") | G15: =IF(OR(E15="",F15=""),"",E15*F15) | K15: =IF(OR(E15="",F15=""),"",(E15*F15)/7.5) | O15: =IF(OR(M15="",N15=""),"",_xlfn.CEILING.MATH((N15-M15-(MEDIAN(N15,"13:00","12:00")-MEDIAN(M15,"13:00","12:00"))-(MEDIAN(N15,"16:30","16:00")-MEDIAN(M15,"16:30","16:00"))),"0:30")*24)
B16: =IFERROR(__xludf.DUMMYFUNCTION("IFERROR(REGEXEXTRACT(A16,""\| (.+)$""),"""") "),"") | G16: =IF(OR(E16="",F16=""),"",E16*F16) | K16: =IF(OR(E16="",F16=""),"",(E16*F16)/7.5) | O16: =IF(OR(M16="",N16=""),"",_xlfn.CEILING.MATH((N16-M16-(MEDIAN(N16,"13:00","12:00")-MEDIAN(M16,"13:00","12:00"))-(MEDIAN(N16,"16:30","16:00")-MEDIAN(M16,"16:30","16:00"))),"0:30")*24)
B17: =IFERROR(__xludf.DUMMYFUNCTION("IFERROR(REGEXEXTRACT(A17,""\| (.+)$""),"""") "),"") | G17: =IF(OR(E17="",F17=""),"",E17*F17) | K17: =IF(OR(E17="",F17=""),"",(E17*F17)/7.5)
A18: 총수량 | C18: =SUM(C8:C17) -> 2928 | D18: =SUM(D8:D17) -> 244 | E18: =SUM(E8:E17) -> 10 | F18: =IFERROR(G18/E18, 0) -> 3.55 | G18: =SUM(G8:G17) -> 35.5 | K18: =SUM(K8:K14) -> 4.7333333
A20: ■ 라벨부착작업
A21: 품명 | B21: 용량/규격 | C21: 수량 | D21: 박스 | E21: 작업시간 | F21: 투입인원수 | G21: 총작업시간 | H21: LINE/구분 | I21: 비고(LOT/NO) | J21: 카테고리 | K21: 작업공수 | M21: 시작 | N21: 끝 | O21: 작업시간
A22: OO020715 / 세양 TORENO GOLD 5W-30 합성엔진오일 1L 라벨 | 76*140 | B22: =IFERROR(__xludf.DUMMYFUNCTION("IFERROR(REGEXEXTRACT(A22,""\| (.+)$""),"""") "),"76*140") -> 76*140 | C22: 468 | E22: 2.5 | F22: 0 | G22: =IF(OR(E22="",F22=""),"",E22*F22) -> 0 | H22: 자동A | I22: 260901 | J22: 엔진오일 | K22: =IF(OR(E22="",F22=""),"",(E22*F22)/7.5) -> 0 | O22: =IF(OR(M22="",N22=""),"",_xlfn.CEILING.MATH((N22-M22-(MEDIAN(N22,"13:00","12:00")-MEDIAN(M22,"13:00","12:00"))-(MEDIAN(N22,"16:30","16:00")-MEDIAN(M22,"16:30","16:00"))),"0:30")*24)
B23: =IFERROR(__xludf.DUMMYFUNCTION("IFERROR(REGEXEXTRACT(A23,""\| (.+)$""),"""") "),"") | G23: =IF(OR(E23="",F23=""),"",E23*F23) | K23: =IF(OR(E23="",F23=""),"",(E23*F23)/7.5) | O23: =IF(OR(M23="",N23=""),"",_xlfn.CEILING.MATH((N23-M23-(MEDIAN(N23,"13:00","12:00")-MEDIAN(M23,"13:00","12:00"))-(MEDIAN(N23,"16:30","16:00")-MEDIAN(M23,"16:30","16:00"))),"0:30")*24)
B24: =IFERROR(__xludf.DUMMYFUNCTION("IFERROR(REGEXEXTRACT(A24,""\| (.+)$""),"""") "),"") | G24: =IF(OR(E24="",F24=""),"",E24*F24) | K24: =IF(OR(E24="",F24=""),"",(E24*F24)/7.5) | O24: =IF(OR(M24="",N24=""),"",_xlfn.CEILING.MATH((N24-M24-(MEDIAN(N24,"13:00","12:00")-MEDIAN(M24,"13:00","12:00"))-(MEDIAN(N24,"16:30","16:00")-MEDIAN(M24,"16:30","16:00"))),"0:30")*24)
B25: =IFERROR(__xludf.DUMMYFUNCTION("IFERROR(REGEXEXTRACT(A25,""\| (.+)$""),"""") "),"") | G25: =IF(OR(E25="",F25=""),"",E25*F25) | K25: =IF(OR(E25="",F25=""),"",(E25*F25)/7.5) | O25: =IF(OR(M25="",N25=""),"",_xlfn.CEILING.MATH((N25-M25-(MEDIAN(N25,"13:00","12:00")-MEDIAN(M25,"13:00","12:00"))-(MEDIAN(N25,"16:30","16:00")-MEDIAN(M25,"16:30","16:00"))),"0:30")*24)
B26: =IFERROR(__xludf.DUMMYFUNCTION("IFERROR(REGEXEXTRACT(A26,""\| (.+)$""),"""") "),"") | G26: =IF(OR(E26="",F26=""),"",E26*F26) | K26: =IF(OR(E26="",F26=""),"",(E26*F26)/7.5) | O26: =IF(OR(M26="",N26=""),"",_xlfn.CEILING.MATH((N26-M26-(MEDIAN(N26,"13:00","12:00")-MEDIAN(M26,"13:00","12:00"))-(MEDIAN(N26,"16:30","16:00")-MEDIAN(M26,"16:30","16:00"))),"0:30")*24)
A27: 총수량 | C27: =SUM(C22:C26) -> 468 | D27: =SUM(D22:D26) -> 0 | E27: =SUM(E22:E26) -> 2.5 | F27: =IFERROR(G27/E27, 0) -> 0 | G27: =SUM(G22:G26) -> 0 | K27: =SUM(K22:K26) -> 0
A29: ■ 원액생산작업
A30: 품명 | B30: 용량/규격 | C30: 수량 | D30: 포장 | E30: 작업시간 | F30: 투입인원수 | G30: 총작업시간 | H30: LINE/구분 | I30: 비고(LOT/NO) | J30: 카테고리 | K30: 작업공수
G31: =IF(OR(E31="",F31=""),"",E31*F31) | K31: =IF(OR(E31="",F31=""),"",(E31*F31)/7.5)
G32: =IF(OR(E32="",F32=""),"",E32*F32) | K32: =IF(OR(E32="",F32=""),"",(E32*F32)/7.5)
G33: =IF(OR(E33="",F33=""),"",E33*F33) | K33: =IF(OR(E33="",F33=""),"",(E33*F33)/7.5)
G34: =IF(OR(E34="",F34=""),"",E34*F34) | K34: =IF(OR(E34="",F34=""),"",(E34*F34)/7.5)
G35: =IF(OR(E35="",F35=""),"",E35*F35) | K35: =IF(OR(E35="",F35=""),"",(E35*F35)/7.5)
A36: 총수량 | C36: =SUM(C31:C35) -> 0 | E36: =SUM(E28:E35) -> 0 | F36: =IFERROR(G36/E36, 0) -> 0 | G36: =SUM(G26:G35) -> 0 | K36: =SUM(K31:K35) -> 0
A38: ■ 출고내역
A39: 품명 | B39: 용량/규격 | C39: 수량 | D39: 박스 | E39: 거래처 | G39: 확인자 | H39: 운송 | I39: 비고
A40: 2AA40058 / 세양 TORENO GOLD 100%합성엔진오일 5W30 | 1L | B40: =IFERROR(__xludf.DUMMYFUNCTION("IFERROR(REGEXEXTRACT(A40,""\| (.+)$""),"""") "),"1L") -> 1L | C40: 576 | D40: 48 | E40: 세양상사 | G40: 윤경용 | H40: 경동택배 | I40: 운송비 110,400원
A41: 2AH40004 / 온루브 맥스 프리미엄 브레이크액 DOT-4+ | 1L | B41: =IFERROR(__xludf.DUMMYFUNCTION("IFERROR(REGEXEXTRACT(A41,""\| (.+)$""),"""") "),"1L") -> 1L | C41: 1200 | D41: 100 | E41: 온루브 | G41: 윤경용 | H41: 용차 | I41: 운송비 176,000원(VAT포함)
B42: =IFERROR(__xludf.DUMMYFUNCTION("IFERROR(REGEXEXTRACT(A42,""\| (.+)$""),"""") "),"")
B43: =IFERROR(__xludf.DUMMYFUNCTION("IFERROR(REGEXEXTRACT(A43,""\| (.+)$""),"""") "),"")
B47: =IFERROR(__xludf.DUMMYFUNCTION("IFERROR(REGEXEXTRACT(A47,""\| (.+)$""),"""") "),"")
A48: 총수량 | C48: =SUM(C40:C47) -> 1776
A50: ■ 입고내역
A51: 품명 | B51: 용량/규격 | C51: 수량 | D51: 박스 | E51: 거래처 | G51: 확인자 | H51: 비고
A52: DNDI-60 | B52: L | C52: 11823 | E52: 동남유화 | G52: 윤경용
A53: ALOX2100 | B53: 175KG | C53: 1 | D53: D/M | E53: 디앤엘코리아 | G53: 윤경용
A54: BTA | B54: 25KG | C54: 1 | D54: 포 | E54: 디앤엘코리아 | G54: 윤경용
A55: X-POWER RUKY 5W30 1L 용기 | C55: 4000 | D55: EA | E55: 태봉인더스트리 | G55: 최용화
A56: 흑진주 무라벨 1L 용기 | C56: 1000 | D56: EA | E56: 태봉인더스트리 | G56: 최용화
A57: 45mm캡 (검정) | C57: 5000 | D57: EA | E57: 태봉인더스트리 | G57: 최용화
A58: XTeer G90 SQ 0W-20 | B58: 200L | C58: 10 | D58: D/M | E58: 현대상사 | G58: 최용화
A59: XTeer D70 C2/C3 5W30 | B59: 200L | C59: 10 | D59: D/M | E59: 현대상사 | G59: 최용화
A65: 총수량 | C65: =SUM(C52:C64) -> 21845
A67: ■ 이동제품
A68: 품명 | B68: 용량/규격 | C68: 단위 | D68: 수량 | E68: 박스 | F68: 차량 | G68: 운반자 | H68: 비고
A90: 총수량 | C90: =SUM(C69:C80) -> 0 | D90: =SUM(D69:D80) -> 0
A92: ■ 택배출고현황 | E92: ■ 기타
A93: 구분 | B93: 건수 | C93: 비고
A94: 경동택배 | B94: 1
A95: 용차 | B95: 1
A96: 납품
A99: 총수량 | B99: =SUM(B94:B98) -> 2
A101: ■ 기타업무
A102: 업무명 | B102: 용량/규격 | C102: 수량 | D102: 단위 | E102: 작업시간 | F102: 투입인원수 | G102: 총작업시간 | H102: 비고 | K102: 작업공수
A103: 부자재 사용량 이카운트 전산 입력 및 GWS 최신화 | E103: 0.4 | F103: 1 | G103: =IF(OR(E103="",F103=""),"",E103*F103) -> 0.4 | H103: 최용화 | K103: =IF(OR(E103="",F103=""),"",(E103*F103)/7.5) -> 0.053333333
A104: 완제품 입,출고 이카운트 전산 입력 및 GWS 최신화 | E104: 0.4 | F104: 1 | G104: =IF(OR(E104="",F104=""),"",E104*F104) -> 0.4 | H104: 최용화 | K104: =IF(OR(E104="",F104=""),"",(E104*F104)/7.5) -> 0.053333333
A105: 업무일지 작성 및 서류 정리 | E105: 0.5 | F105: 1 | G105: =IF(OR(E105="",F105=""),"",E105*F105) -> 0.5 | H105: 최용화 | K105: =IF(OR(E105="",F105=""),"",(E105*F105)/7.5) -> 0.066666667
A106: 김포2공장 점검 / 환기 | E106: 0.5 | F106: 1 | G106: =IF(OR(E106="",F106=""),"",E106*F106) -> 0.5 | H106: 최용화 | K106: =IF(OR(E106="",F106=""),"",(E106*F106)/7.5) -> 0.066666667
A107: 물류 이동 D-60 (2공장->1공장) | E107: 0.5 | F107: 1 | G107: =IF(OR(E107="",F107=""),"",E107*F107) -> 0.5 | H107: 윤경용 | K107: =IF(OR(E107="",F107=""),"",(E107*F107)/7.5) -> 0.066666667
A108: 동남유화 입고 D-60 하역 작업 | E108: 0.8 | F108: 1 | G108: =IF(OR(E108="",F108=""),"",E108*F108) -> 0.8 | H108: 윤경용(08시 10분 ~ 09시 00분) | K108: =IF(OR(E108="",F108=""),"",(E108*F108)/7.5) -> 0.10666667
A109: 현대상사 입고 하역 작업 | E109: 0.5 | F109: 1 | G109: =IF(OR(E109="",F109=""),"",E109*F109) -> 0.5 | H109: 최용화 | K109: =IF(OR(E109="",F109=""),"",(E109*F109)/7.5) -> 0.066666667
A110: 태봉인더스트리 입고 하역 작업 | E110: 0.3 | F110: 1 | G110: =IF(OR(E110="",F110=""),"",E110*F110) -> 0.3 | H110: 최용화 | K110: =IF(OR(E110="",F110=""),"",(E110*F110)/7.5) -> 0.04
A111: 정기 재고조사 실시 | E111: 4 | F111: 1 | G111: =IF(OR(E111="",F111=""),"",E111*F111) -> 4 | H111: 최용화 | K111: =IF(OR(E111="",F111=""),"",(E111*F111)/7.5) -> 0.53333333
A112: 사용 드럼 지정 식별표 부착 | E112: 0.2 | F112: 1 | G112: =IF(OR(E112="",F112=""),"",E112*F112) -> 0.2 | H112: 최용화 | K112: =IF(OR(E112="",F112=""),"",(E112*F112)/7.5) -> 0.026666667
A113: 2공장 사무동 정리 정돈 | E113: 1.5 | F113: 1 | G113: =IF(OR(E113="",F113=""),"",E113*F113) -> 1.5 | H113: 최용화,김세중 | K113: =IF(OR(E113="",F113=""),"",(E113*F113)/7.5) -> 0.2
A114: D-60 토트 정리 | E114: 0.5 | F114: 1 | G114: =IF(OR(E114="",F114=""),"",E114*F114) -> 0.5 | H114: 최용화 | K114: =IF(OR(E114="",F114=""),"",(E114*F114)/7.5) -> 0.066666667
G115: =IF(OR(E115="",F115=""),"",E115*F115) | K115: =IF(OR(E115="",F115=""),"",(E115*F115)/7.5)
G116: =IF(OR(E116="",F116=""),"",E116*F116) | K116: =IF(OR(E116="",F116=""),"",(E116*F116)/7.5)
G117: =IF(OR(E117="",F117=""),"",E117*F117) | K117: =IF(OR(E117="",F117=""),"",(E117*F117)/7.5)
G118: =IF(OR(E118="",F118=""),"",E118*F118) | K118: =IF(OR(E118="",F118=""),"",(E118*F118)/7.5)
G119: =IF(OR(E119="",F119=""),"",E119*F119) | K119: =IF(OR(E119="",F119=""),"",(E119*F119)/7.5)
G120: =IF(OR(E120="",F120=""),"",E120*F120) | K120: =IF(OR(E120="",F120=""),"",(E120*F120)/7.5)
G121: =IF(OR(E121="",F121=""),"",E121*F121) | K121: =IF(OR(E121="",F121=""),"",(E121*F121)/7.5)
A122: 총수량 | C122: =SUM(C103:C106) -> 0 | D122: =SUM(D103:D106) -> 0 | E122: =SUM(E103:E121) -> 10.1 | F122: =IFERROR(G122/E122, 0) -> 1 | G122: =SUM(G103:G121) -> 10.1 | K122: =SUM(K103:K121) -> 1.3466667

Sheet 0901
I1: 담당 | J1: 검토 | K1: 확인
A2: (김포)생산공급망 업무일지 | I2: 최용화 | J2: 윤경용 | N2: 초록색상 지우기와 기재 금지
A4: 날짜 | B4: 46266
A6: ■ 제품포장작업
A7: 품명 | B7: 용량/규격 | C7: 수량 | D7: 박스 | E7: 작업시간 | F7: 투입인원수 | G7: 총작업시간 | H7: LINE/구분 | I7: 비고(LOT/NO) | J7: 카테고리 | K7: 작업공수 | L7: 작업자 | M7: 시작 | N7: 끝 | O7: 작업시간
A8: 2AH40004 / 온루브 맥스 프리미엄 브레이크액 DOT-4+ | 1L | B8: =IFERROR(__xludf.DUMMYFUNCTION("IFERROR(REGEXEXTRACT(A8,""\| (.+)$""),"""") "),"1L") -> 1L | C8: 1200 | D8: 100 | E8: 4.5 | F8: 3 | G8: =IF(OR(E8="",F8=""),"",E8*F8) -> 13.5 | H8: 수동3 | J8: 브레이크액 | K8: =IF(OR(E8="",F8=""),"",(E8*F8)/7.5) -> 1.8 | O8: =IF(OR(M8="",N8=""),"",_xlfn.CEILING.MATH((N8-M8-(MEDIAN(N8,"13:00","12:00")-MEDIAN(M8,"13:00","12:00"))-(MEDIAN(N8,"16:30","16:00")-MEDIAN(M8,"16:30","16:00"))),"0:30")*24)
A9: 2AH40003 / 디알텍 브레이크액 DOT-4 플러스 | 1L | B9: =IFERROR(__xludf.DUMMYFUNCTION("IFERROR(REGEXEXTRACT(A9,""\| (.+)$""),"""") "),"1L") -> 1L | C9: 180 | D9: 15 | E9: 1 | F9: 3 | G9: =IF(OR(E9="",F9=""),"",E9*F9) -> 3 | H9: 수동3 | I9: 260901 | J9: 브레이크액 | K9: =IF(OR(E9="",F9=""),"",(E9*F9)/7.5) -> 0.4 | O9: =IF(OR(M9="",N9=""),"",_xlfn.CEILING.MATH((N9-M9-(MEDIAN(N9,"13:00","12:00")-MEDIAN(M9,"13:00","12:00"))-(MEDIAN(N9,"16:30","16:00")-MEDIAN(M9,"16:30","16:00"))),"0:30")*24)
A10: 2AA40058 / 세양 TORENO GOLD 100%합성엔진오일 5W30 | 1L | B10: =IFERROR(__xludf.DUMMYFUNCTION("IFERROR(REGEXEXTRACT(A10,""\| (.+)$""),"""") "),"1L") -> 1L | C10: 108 | D10: 9 | E10: 1 | F10: 2 | G10: =IF(OR(E10="",F10=""),"",E10*F10) -> 2 | H10: 자동 | I10: 260901 | J10: 엔진오일 | K10: =IF(OR(E10="",F10=""),"",(E10*F10)/7.5) -> 0.26666667 | O10: =IF(OR(M10="",N10=""),"",_xlfn.CEILING.MATH((N10-M10-(MEDIAN(N10,"13:00","12:00")-MEDIAN(M10,"13:00","12:00"))-(MEDIAN(N10,"16:30","16:00")-MEDIAN(M10,"16:30","16:00"))),"0:30")*24)
B11: =IFERROR(__xludf.DUMMYFUNCTION("IFERROR(REGEXEXTRACT(A11,""\| (.+)$""),"""") "),"") | G11: =IF(OR(E11="",F11=""),"",E11*F11) | K11: =IF(OR(E11="",F11=""),"",(E11*F11)/7.5) | O11: =IF(OR(M11="",N11=""),"",_xlfn.CEILING.MATH((N11-M11-(MEDIAN(N11,"13:00","12:00")-MEDIAN(M11,"13:00","12:00"))-(MEDIAN(N11,"16:30","16:00")-MEDIAN(M11,"16:30","16:00"))),"0:30")*24)
O12: =IF(OR(M12="",N12=""),"",_xlfn.CEILING.MATH((N12-M12-(MEDIAN(N12,"13:00","12:00")-MEDIAN(M12,"13:00","12:00"))-(MEDIAN(N12,"16:30","16:00")-MEDIAN(M12,"16:30","16:00"))),"0:30")*24)
B13: =IFERROR(__xludf.DUMMYFUNCTION("IFERROR(REGEXEXTRACT(A13,""\| (.+)$""),"""") "),"") | G13: =IF(OR(E13="",F13=""),"",E13*F13) | K13: =IF(OR(E13="",F13=""),"",(E13*F13)/7.5) | O13: =IF(OR(M13="",N13=""),"",_xlfn.CEILING.MATH((N13-M13-(MEDIAN(N13,"13:00","12:00")-MEDIAN(M13,"13:00","12:00"))-(MEDIAN(N13,"16:30","16:00")-MEDIAN(M13,"16:30","16:00"))),"0:30")*24)
B14: =IFERROR(__xludf.DUMMYFUNCTION("IFERROR(REGEXEXTRACT(A14,""\| (.+)$""),"""") "),"") | G14: =IF(OR(E14="",F14=""),"",E14*F14) | K14: =IF(OR(E14="",F14=""),"",(E14*F14)/7.5) | O14: =IF(OR(M14="",N14=""),"",_xlfn.CEILING.MATH((N14-M14-(MEDIAN(N14,"13:00","12:00")-MEDIAN(M14,"13:00","12:00"))-(MEDIAN(N14,"16:30","16:00")-MEDIAN(M14,"16:30","16:00"))),"0:30")*24)
B15: =IFERROR(__xludf.DUMMYFUNCTION("IFERROR(REGEXEXTRACT(A15,""\| (.+)$""),"""") "),"") | G15: =IF(OR(E15="",F15=""),"",E15*F15) | K15: =IF(OR(E15="",F15=""),"",(E15*F15)/7.5) | O15: =IF(OR(M15="",N15=""),"",_xlfn.CEILING.MATH((N15-M15-(MEDIAN(N15,"13:00","12:00")-MEDIAN(M15,"13:00","12:00"))-(MEDIAN(N15,"16:30","16:00")-MEDIAN(M15,"16:30","16:00"))),"0:30")*24)
B16: =IFERROR(__xludf.DUMMYFUNCTION("IFERROR(REGEXEXTRACT(A16,""\| (.+)$""),"""") "),"") | G16: =IF(OR(E16="",F16=""),"",E16*F16) | K16: =IF(OR(E16="",F16=""),"",(E16*F16)/7.5) | O16: =IF(OR(M16="",N16=""),"",_xlfn.CEILING.MATH((N16-M16-(MEDIAN(N16,"13:00","12:00")-MEDIAN(M16,"13:00","12:00"))-(MEDIAN(N16,"16:30","16:00")-MEDIAN(M16,"16:30","16:00"))),"0:30")*24)
B17: =IFERROR(__xludf.DUMMYFUNCTION("IFERROR(REGEXEXTRACT(A17,""\| (.+)$""),"""") "),"") | G17: =IF(OR(E17="",F17=""),"",E17*F17) | K17: =IF(OR(E17="",F17=""),"",(E17*F17)/7.5)
A18: 총수량 | C18: =SUM(C8:C17) -> 1488 | D18: =SUM(D8:D17) -> 124 | E18: =SUM(E8:E17) -> 6.5 | F18: =IFERROR(G18/E18, 0) -> 2.8461538 | G18: =SUM(G8:G17) -> 18.5 | K18: =SUM(K8:K14) -> 2.4666667
A20: ■ 라벨부착작업
A21: 품명 | B21: 용량/규격 | C21: 수량 | D21: 박스 | E21: 작업시간 | F21: 투입인원수 | G21: 총작업시간 | H21: LINE/구분 | I21: 비고(LOT/NO) | J21: 카테고리 | K21: 작업공수 | M21: 시작 | N21: 끝 | O21: 작업시간
A22: OA020842 / 온루브 맥스 프리미엄 브레이크액 DOT-4+ 1L 라벨 | 80*130 | B22: =IFERROR(__xludf.DUMMYFUNCTION("IFERROR(REGEXEXTRACT(A22,""\| (.+)$""),"""") "),"80*130") -> 80*130 | C22: 1200 | E22: 2 | F22: 4 | G22: =IF(OR(E22="",F22=""),"",E22*F22) -> 8 | H22: 자동B | J22: 브레이크액 | K22: =IF(OR(E22="",F22=""),"",(E22*F22)/7.5) -> 1.0666667 | O22: =IF(OR(M22="",N22=""),"",_xlfn.CEILING.MATH((N22-M22-(MEDIAN(N22,"13:00","12:00")-MEDIAN(M22,"13:00","12:00"))-(MEDIAN(N22,"16:30","16:00")-MEDIAN(M22,"16:30","16:00"))),"0:30")*24)
A23: OA020588 / 디알텍 브레이크액 DOT-4 플러스 1L 라벨 | 77.5*142 | B23: =IFERROR(__xludf.DUMMYFUNCTION("IFERROR(REGEXEXTRACT(A23,""\| (.+)$""),"""") "),"77.5*142") -> 77.5*142 | C23: 720 | E23: 2 | F23: 2 | G23: =IF(OR(E23="",F23=""),"",E23*F23) -> 4 | H23: 자동B | J23: 브레이크액 | K23: =IF(OR(E23="",F23=""),"",(E23*F23)/7.5) -> 0.53333333 | O23: =IF(OR(M23="",N23=""),"",_xlfn.CEILING.MATH((N23-M23-(MEDIAN(N23,"13:00","12:00")-MEDIAN(M23,"13:00","12:00"))-(MEDIAN(N23,"16:30","16:00")-MEDIAN(M23,"16:30","16:00"))),"0:30")*24)
A24: OO020715 / 세양 TORENO GOLD 5W-30 합성엔진오일 1L 라벨 | 76*140 | B24: =IFERROR(__xludf.DUMMYFUNCTION("IFERROR(REGEXEXTRACT(A24,""\| (.+)$""),"""") "),"76*140") -> 76*140 | C24: 108 | E24: 1 | F24: 0 | G24: =IF(OR(E24="",F24=""),"",E24*F24) -> 0 | H24: 자동A | J24: 엔진오일 | K24: =IF(OR(E24="",F24=""),"",(E24*F24)/7.5) -> 0 | O24: =IF(OR(M24="",N24=""),"",_xlfn.CEILING.MATH((N24-M24-(MEDIAN(N24,"13:00","12:00")-MEDIAN(M24,"13:00","12:00"))-(MEDIAN(N24,"16:30","16:00")-MEDIAN(M24,"16:30","16:00"))),"0:30")*24)
B25: =IFERROR(__xludf.DUMMYFUNCTION("IFERROR(REGEXEXTRACT(A25,""\| (.+)$""),"""") "),"") | G25: =IF(OR(E25="",F25=""),"",E25*F25) | K25: =IF(OR(E25="",F25=""),"",(E25*F25)/7.5) | O25: =IF(OR(M25="",N25=""),"",_xlfn.CEILING.MATH((N25-M25-(MEDIAN(N25,"13:00","12:00")-MEDIAN(M25,"13:00","12:00"))-(MEDIAN(N25,"16:30","16:00")-MEDIAN(M25,"16:30","16:00"))),"0:30")*24)
B26: =IFERROR(__xludf.DUMMYFUNCTION("IFERROR(REGEXEXTRACT(A26,""\| (.+)$""),"""") "),"") | G26: =IF(OR(E26="",F26=""),"",E26*F26) | K26: =IF(OR(E26="",F26=""),"",(E26*F26)/7.5) | O26: =IF(OR(M26="",N26=""),"",_xlfn.CEILING.MATH((N26-M26-(MEDIAN(N26,"13:00","12:00")-MEDIAN(M26,"13:00","12:00"))-(MEDIAN(N26,"16:30","16:00")-MEDIAN(M26,"16:30","16:00"))),"0:30")*24)
A27: 총수량 | C27: =SUM(C22:C26) -> 2028 | D27: =SUM(D22:D26) -> 0 | E27: =SUM(E22:E26) -> 5 | F27: =IFERROR(G27/E27, 0) -> 2.4 | G27: =SUM(G22:G26) -> 12 | K27: =SUM(K22:K26) -> 1.6
A29: ■ 원액생산작업
A30: 품명 | B30: 용량/규격 | C30: 수량 | D30: 포장 | E30: 작업시간 | F30: 투입인원수 | G30: 총작업시간 | H30: LINE/구분 | I30: 비고(LOT/NO) | J30: 카테고리 | K30: 작업공수
G31: =IF(OR(E31="",F31=""),"",E31*F31) | K31: =IF(OR(E31="",F31=""),"",(E31*F31)/7.5)
G32: =IF(OR(E32="",F32=""),"",E32*F32) | K32: =IF(OR(E32="",F32=""),"",(E32*F32)/7.5)
G33: =IF(OR(E33="",F33=""),"",E33*F33) | K33: =IF(OR(E33="",F33=""),"",(E33*F33)/7.5)
G34: =IF(OR(E34="",F34=""),"",E34*F34) | K34: =IF(OR(E34="",F34=""),"",(E34*F34)/7.5)
G35: =IF(OR(E35="",F35=""),"",E35*F35) | K35: =IF(OR(E35="",F35=""),"",(E35*F35)/7.5)
A36: 총수량 | C36: =SUM(C31:C35) -> 0 | E36: =SUM(E28:E35) -> 0 | F36: =IFERROR(G36/E36, 0) -> 0 | G36: =SUM(G26:G35) -> 12 | K36: =SUM(K31:K35) -> 0
A38: ■ 출고내역
A39: 품명 | B39: 용량/규격 | C39: 수량 | D39: 박스 | E39: 거래처 | G39: 확인자 | H39: 운송 | I39: 비고
B40: =IFERROR(__xludf.DUMMYFUNCTION("IFERROR(REGEXEXTRACT(A40,""\| (.+)$""),"""") "),"")
B41: =IFERROR(__xludf.DUMMYFUNCTION("IFERROR(REGEXEXTRACT(A41,""\| (.+)$""),"""") "),"")
B42: =IFERROR(__xludf.DUMMYFUNCTION("IFERROR(REGEXEXTRACT(A42,""\| (.+)$""),"""") "),"")
B43: =IFERROR(__xludf.DUMMYFUNCTION("IFERROR(REGEXEXTRACT(A43,""\| (.+)$""),"""") "),"")
B47: =IFERROR(__xludf.DUMMYFUNCTION("IFERROR(REGEXEXTRACT(A47,""\| (.+)$""),"""") "),"")
A48: 총수량 | C48: =SUM(C40:C47) -> 0
A50: ■ 입고내역
A51: 품명 | B51: 용량/규격 | C51: 수량 | D51: 박스 | E51: 거래처 | G51: 확인자 | H51: 비고
A52: 온루브 맥스 브레이크액 DOT4+ 라벨 | B52: 1L | C52: 1200 | D52: EA | E52: 대진전산시스템 | G52: 김백철
A53: 디알텍 브레이크액 DOT4+ 라벨 | B53: 1L | C53: 1200 | D53: EA | E53: 대진전산시스템 | G53: 김백철
A54: CTWD 5W30 라벨 | B54: 1L | C54: 2600 | D54: EA | E54: 대진전산시스템 | G54: 김백철
A55: CTWD 0W20 라벨 | B55: 1L | C55: 1400 | D55: EA | E55: 대진전산시스템 | G55: 김백철
A65: 총수량 | C65: =SUM(C52:C64) -> 6400
A67: ■ 이동제품
A68: 품명 | B68: 용량/규격 | C68: 단위 | D68: 수량 | E68: 박스 | F68: 차량 | G68: 운반자 | H68: 비고
A69: 공토트 | C69: TOTE | D69: 6 | F69: 3.5T | G69: 박용채 | H69: 본사 -> 김포
A70: 대성 검정 300ml 용기 | B70: 0.3L | C70: EA | D70: 5760 | E70: 40 | F70: 3.5T | G70: 박용채 | H70: 김포 -> 본사
A71: 태봉 흑진주 용기 | B71: 1L | C71: EA | D71: 380 | F71: 3.5T | G71: 박용채 | H71: 김포 -> 본사
A72: 파워블러드 PAO 5W30 라벨 | C72: EA | D72: 960 | F72: 3.5T | G72: 박용채 | H72: 김포 -> 본사
A73: 파워블러드 PAO 5W30 아웃박스 | C73: EA | D73: 40 | F73: 3.5T | G73: 박용채 | H73: 김포 -> 본사
A74: 실리콘스프레이 | B74: 0.42L | C74: EA | D74: 1680 | E74: 84 | F74: 3.5T | G74: 박용채 | H74: 김포 -> 본사
A75: 45mm 캡 검정 | C75: EA | D75: 1000 | E75: 1 | F75: 3.5T | G75: 박용채 | H75: 김포 -> 본사
A76: MUSASHI 브레이크 DOT-4 | B76: 0.354L | C76: EA | D76: 3600 | E76: 300 | F76: 3.5T | G76: 박용채 | H76: 김포 -> 본사
A90: 총수량 | C90: =SUM(C69:C80) -> 0 | D90: =SUM(D69:D80) -> 13426
A92: ■ 택배출고현황 | E92: ■ 기타
A93: 구분 | B93: 건수 | C93: 비고
A94: 경동택배
A95: 용차
A96: 납품
A99: 총수량 | B99: =SUM(B94:B98) -> 0
A101: ■ 기타업무
A102: 업무명 | B102: 용량/규격 | C102: 수량 | D102: 단위 | E102: 작업시간 | F102: 투입인원수 | G102: 총작업시간 | H102: 비고 | K102: 작업공수
A103: 부자재 사용량 이카운트 전산 입력 및 GWS 최신화 | E103: 0.4 | F103: 1 | G103: =IF(OR(E103="",F103=""),"",E103*F103) -> 0.4 | H103: 최용화 | K103: =IF(OR(E103="",F103=""),"",(E103*F103)/7.5) -> 0.053333333
A104: 완제품 입,출고 이카운트 전산 입력 및 GWS 최신화 | E104: 0.4 | F104: 1 | G104: =IF(OR(E104="",F104=""),"",E104*F104) -> 0.4 | H104: 최용화 | K104: =IF(OR(E104="",F104=""),"",(E104*F104)/7.5) -> 0.053333333
A105: 업무일지 작성 및 서류 정리 | E105: 0.5 | F105: 1 | G105: =IF(OR(E105="",F105=""),"",E105*F105) -> 0.5 | H105: 최용화 | K105: =IF(OR(E105="",F105=""),"",(E105*F105)/7.5) -> 0.066666667
A106: 김포2공장 점검 / 환기 | E106: 0.5 | F106: 1 | G106: =IF(OR(E106="",F106=""),"",E106*F106) -> 0.5 | H106: 최용화 | K106: =IF(OR(E106="",F106=""),"",(E106*F106)/7.5) -> 0.066666667
A107: 물류 이동 100ml 용기,아웃박스,속지,캡(1공장->2공장) | E107: 0.5 | F107: 1 | G107: =IF(OR(E107="",F107=""),"",E107*F107) -> 0.5 | H107: 최용화 | K107: =IF(OR(E107="",F107=""),"",(E107*F107)/7.5) -> 0.066666667
